[2026-02-22T20:40:08Z] DRY-RUN: skip disk-space check
[2026-02-24T04:05:30Z] Detected platform: os=macos distro=macos like=n/a arch=arm64 pkg=brew
[2026-02-24T04:05:30Z] DRY-RUN: skip disk-space check
[2026-02-24T04:05:30Z] DRY-RUN: skip Docker install checks
[2026-02-24T04:05:30Z] DRY-RUN: would verify tcp port 2222 is free
[2026-02-24T04:05:30Z] DRY-RUN: would verify tcp port 8080 is free
[2026-02-24T04:05:30Z] DRY-RUN: would verify tcp port 6667 is free
[2026-02-24T04:05:30Z] DRY-RUN: would verify tcp port 8091 is free
[2026-02-24T04:05:30Z] DRY-RUN: create directory /Users/seanheiney/.local/share/wolfbbs
[2026-02-24T04:05:30Z] DRY-RUN: would write /Users/seanheiney/.local/share/wolfbbs/.env
[2026-02-24T04:05:30Z] DRY-RUN: skipping admin user seeding check
[2026-02-24T04:05:30Z] DRY-RUN: would start compose services
[2026-02-24T04:05:30Z] DRY-RUN: skip runtime checks.
[2026-02-24T04:05:30Z] Detected platform: os=macos distro=macos like=n/a arch=arm64 pkg=brew
[2026-02-24T04:05:30Z] DRY-RUN: skip disk-space check
[2026-02-24T04:05:30Z] DRY-RUN: skip Docker install checks
[2026-02-24T04:05:30Z] Detected platform: os=macos distro=macos like=n/a arch=arm64 pkg=brew
[2026-02-24T04:05:30Z] DRY-RUN: skip disk-space check
[2026-02-24T04:05:30Z] DRY-RUN: skip Docker install checks
[2026-02-24T04:05:30Z] DRY-RUN: would verify tcp port 2222 is free
[2026-02-24T04:05:30Z] DRY-RUN: would verify tcp port 8080 is free
[2026-02-24T04:05:30Z] DRY-RUN: would verify tcp port 6667 is free
[2026-02-24T04:05:30Z] DRY-RUN: would verify tcp port 8091 is free
[2026-02-24T04:05:30Z] DRY-RUN: create directory /Users/seanheiney/.local/share/wolfbbs
[2026-02-24T04:05:30Z] DRY-RUN: would write /Users/seanheiney/.local/share/wolfbbs/.env
[2026-02-24T04:05:30Z] DRY-RUN: skipping admin user seeding check
[2026-02-24T04:05:30Z] DRY-RUN: would start compose services
[2026-02-24T04:05:30Z] DRY-RUN: skip runtime checks.
[2026-02-24T04:05:30Z] Detected platform: os=macos distro=macos like=n/a arch=arm64 pkg=brew
[2026-02-24T04:05:30Z] DRY-RUN: skip disk-space check
[2026-02-24T04:05:30Z] DRY-RUN: skip Docker install checks
[2026-02-24T04:05:30Z] DRY-RUN: would verify tcp port 2222 is free
[2026-02-24T04:05:30Z] DRY-RUN: would verify tcp port 8080 is free
[2026-02-24T04:05:30Z] DRY-RUN: would verify tcp port 6667 is free
[2026-02-24T04:05:30Z] DRY-RUN: would verify tcp port 8091 is free
[2026-02-24T04:05:30Z] DRY-RUN: create directory /Users/seanheiney/.local/share/wolfbbs
[2026-02-24T04:05:30Z] DRY-RUN: would write /Users/seanheiney/.local/share/wolfbbs/.env
[2026-02-24T04:05:30Z] DRY-RUN: skipping admin user seeding check
[2026-02-24T04:05:30Z] DRY-RUN: would start compose services
[2026-02-24T04:05:30Z] DRY-RUN: skip runtime checks.
[2026-02-24T04:06:26Z] Detected platform: os=macos distro=macos like=n/a arch=arm64 pkg=brew
[2026-02-24T04:06:26Z] DRY-RUN: skip disk-space check
[2026-02-24T04:06:26Z] DRY-RUN: skip Docker install checks
[2026-02-24T04:06:26Z] DRY-RUN: would verify tcp port 2222 is free
[2026-02-24T04:06:26Z] DRY-RUN: would verify tcp port 8080 is free
[2026-02-24T04:06:26Z] DRY-RUN: would verify tcp port 6667 is free
[2026-02-24T04:06:26Z] DRY-RUN: would verify tcp port 8091 is free
[2026-02-24T04:06:26Z] DRY-RUN: create directory /Users/seanheiney/.local/share/wolfbbs
[2026-02-24T04:06:26Z] DRY-RUN: would write /Users/seanheiney/.local/share/wolfbbs/.env
[2026-02-24T04:06:26Z] DRY-RUN: skipping admin user seeding check
[2026-02-24T04:06:26Z] DRY-RUN: would start compose services
[2026-02-24T04:06:26Z] DRY-RUN: skip runtime checks.
[2026-02-24T04:06:26Z] Detected platform: os=macos distro=macos like=n/a arch=arm64 pkg=brew
[2026-02-24T04:06:26Z] DRY-RUN: skip disk-space check
[2026-02-24T04:06:26Z] DRY-RUN: skip Docker install checks
[2026-02-24T04:06:26Z] Detected platform: os=macos distro=macos like=n/a arch=arm64 pkg=brew
[2026-02-24T04:06:26Z] DRY-RUN: skip disk-space check
[2026-02-24T04:06:26Z] DRY-RUN: skip Docker install checks
[2026-02-24T04:06:26Z] DRY-RUN: would verify tcp port 2222 is free
[2026-02-24T04:06:26Z] DRY-RUN: would verify tcp port 8080 is free
[2026-02-24T04:06:26Z] DRY-RUN: would verify tcp port 6667 is free
[2026-02-24T04:06:26Z] DRY-RUN: would verify tcp port 8091 is free
[2026-02-24T04:06:26Z] DRY-RUN: create directory /Users/seanheiney/.local/share/wolfbbs
[2026-02-24T04:06:27Z] DRY-RUN: would write /Users/seanheiney/.local/share/wolfbbs/.env
[2026-02-24T04:06:27Z] DRY-RUN: skipping admin user seeding check
[2026-02-24T04:06:27Z] DRY-RUN: would start compose services
[2026-02-24T04:06:27Z] DRY-RUN: skip runtime checks.
[2026-02-24T04:06:27Z] Detected platform: os=macos distro=macos like=n/a arch=arm64 pkg=brew
[2026-02-24T04:06:27Z] DRY-RUN: skip disk-space check
[2026-02-24T04:06:27Z] DRY-RUN: skip Docker install checks
[2026-02-24T04:06:27Z] DRY-RUN: would verify tcp port 2222 is free
[2026-02-24T04:06:27Z] DRY-RUN: would verify tcp port 8080 is free
[2026-02-24T04:06:27Z] DRY-RUN: would verify tcp port 6667 is free
[2026-02-24T04:06:27Z] DRY-RUN: would verify tcp port 8091 is free
[2026-02-24T04:06:27Z] DRY-RUN: create directory /Users/seanheiney/.local/share/wolfbbs
[2026-02-24T04:06:27Z] DRY-RUN: would write /Users/seanheiney/.local/share/wolfbbs/.env
[2026-02-24T04:06:27Z] DRY-RUN: skipping admin user seeding check
[2026-02-24T04:06:27Z] DRY-RUN: would start compose services
[2026-02-24T04:06:27Z] DRY-RUN: skip runtime checks.
[2026-02-24T04:16:21Z] Detected platform: os=macos distro=macos like=n/a arch=arm64 pkg=brew
[2026-02-24T04:16:21Z] DRY-RUN: skip disk-space check
[2026-02-24T04:16:21Z] DRY-RUN: skip Docker install checks
[2026-02-24T04:16:21Z] DRY-RUN: would verify tcp port 2222 is free
[2026-02-24T04:16:21Z] DRY-RUN: would verify tcp port 8080 is free
[2026-02-24T04:16:21Z] DRY-RUN: would verify tcp port 6667 is free
[2026-02-24T04:16:21Z] DRY-RUN: would verify tcp port 8091 is free
[2026-02-24T04:16:21Z] DRY-RUN: create directory /Users/seanheiney/.local/share/wolfbbs
[2026-02-24T04:16:22Z] DRY-RUN: would write /Users/seanheiney/.local/share/wolfbbs/.env
[2026-02-24T04:16:22Z] DRY-RUN: skipping admin user seeding check
[2026-02-24T04:16:22Z] DRY-RUN: would start compose services
[2026-02-24T04:16:22Z] DRY-RUN: skip runtime checks.
[2026-02-24T04:16:22Z] Detected platform: os=macos distro=macos like=n/a arch=arm64 pkg=brew
[2026-02-24T04:16:22Z] DRY-RUN: skip disk-space check
[2026-02-24T04:16:22Z] DRY-RUN: skip Docker install checks
[2026-02-24T04:16:22Z] Detected platform: os=macos distro=macos like=n/a arch=arm64 pkg=brew
[2026-02-24T04:16:22Z] DRY-RUN: skip disk-space check
[2026-02-24T04:16:22Z] DRY-RUN: skip Docker install checks
[2026-02-24T04:16:22Z] DRY-RUN: would verify tcp port 2222 is free
[2026-02-24T04:16:22Z] DRY-RUN: would verify tcp port 8080 is free
[2026-02-24T04:16:22Z] DRY-RUN: would verify tcp port 6667 is free
[2026-02-24T04:16:22Z] DRY-RUN: would verify tcp port 8091 is free
[2026-02-24T04:16:22Z] DRY-RUN: create directory /Users/seanheiney/.local/share/wolfbbs
[2026-02-24T04:16:22Z] DRY-RUN: would write /Users/seanheiney/.local/share/wolfbbs/.env
[2026-02-24T04:16:22Z] DRY-RUN: skipping admin user seeding check
[2026-02-24T04:16:22Z] DRY-RUN: would start compose services
[2026-02-24T04:16:22Z] DRY-RUN: skip runtime checks.
[2026-02-24T04:16:22Z] Detected platform: os=macos distro=macos like=n/a arch=arm64 pkg=brew
[2026-02-24T04:16:22Z] DRY-RUN: skip disk-space check
[2026-02-24T04:16:22Z] DRY-RUN: skip Docker install checks
[2026-02-24T04:16:22Z] DRY-RUN: would verify tcp port 2222 is free
[2026-02-24T04:16:22Z] DRY-RUN: would verify tcp port 8080 is free
[2026-02-24T04:16:22Z] DRY-RUN: would verify tcp port 6667 is free
[2026-02-24T04:16:22Z] DRY-RUN: would verify tcp port 8091 is free
[2026-02-24T04:16:22Z] DRY-RUN: create directory /Users/seanheiney/.local/share/wolfbbs
[2026-02-24T04:16:22Z] DRY-RUN: would write /Users/seanheiney/.local/share/wolfbbs/.env
[2026-02-24T04:16:22Z] DRY-RUN: skipping admin user seeding check
[2026-02-24T04:16:22Z] DRY-RUN: would start compose services
[2026-02-24T04:16:22Z] DRY-RUN: skip runtime checks.
[2026-02-24T04:16:47Z] Detected platform: os=macos distro=macos like=n/a arch=arm64 pkg=brew
[2026-02-24T04:16:47Z] DRY-RUN: skip disk-space check
[2026-02-24T04:16:47Z] DRY-RUN: skip Docker install checks
[2026-02-24T04:16:47Z] DRY-RUN: would verify tcp port 2222 is free
[2026-02-24T04:16:47Z] DRY-RUN: would verify tcp port 8080 is free
[2026-02-24T04:16:47Z] DRY-RUN: would verify tcp port 6667 is free
[2026-02-24T04:16:47Z] DRY-RUN: would verify tcp port 8091 is free
[2026-02-24T04:16:47Z] DRY-RUN: create directory /Users/seanheiney/.local/share/wolfbbs
[2026-02-24T04:16:47Z] DRY-RUN: would write /Users/seanheiney/.local/share/wolfbbs/.env
[2026-02-24T04:16:47Z] DRY-RUN: skipping admin user seeding check
[2026-02-24T04:16:47Z] DRY-RUN: would start compose services
[2026-02-24T04:16:47Z] DRY-RUN: skip runtime checks.
[2026-02-24T04:16:47Z] Detected platform: os=macos distro=macos like=n/a arch=arm64 pkg=brew
[2026-02-24T04:16:47Z] DRY-RUN: skip disk-space check
[2026-02-24T04:16:47Z] DRY-RUN: skip Docker install checks
[2026-02-24T04:16:47Z] Detected platform: os=macos distro=macos like=n/a arch=arm64 pkg=brew
[2026-02-24T04:16:47Z] DRY-RUN: skip disk-space check
[2026-02-24T04:16:47Z] DRY-RUN: skip Docker install checks
[2026-02-24T04:16:47Z] DRY-RUN: would verify tcp port 2222 is free
[2026-02-24T04:16:47Z] DRY-RUN: would verify tcp port 8080 is free
[2026-02-24T04:16:47Z] DRY-RUN: would verify tcp port 6667 is free
[2026-02-24T04:16:47Z] DRY-RUN: would verify tcp port 8091 is free
[2026-02-24T04:16:47Z] DRY-RUN: create directory /Users/seanheiney/.local/share/wolfbbs
[2026-02-24T04:16:47Z] DRY-RUN: would write /Users/seanheiney/.local/share/wolfbbs/.env
[2026-02-24T04:16:47Z] DRY-RUN: skipping admin user seeding check
[2026-02-24T04:16:47Z] DRY-RUN: would start compose services
[2026-02-24T04:16:47Z] DRY-RUN: skip runtime checks.
[2026-02-24T04:16:47Z] Detected platform: os=macos distro=macos like=n/a arch=arm64 pkg=brew
[2026-02-24T04:16:47Z] DRY-RUN: skip disk-space check
[2026-02-24T04:16:47Z] DRY-RUN: skip Docker install checks
[2026-02-24T04:16:47Z] DRY-RUN: would verify tcp port 2222 is free
[2026-02-24T04:16:47Z] DRY-RUN: would verify tcp port 8080 is free
[2026-02-24T04:16:47Z] DRY-RUN: would verify tcp port 6667 is free
[2026-02-24T04:16:47Z] DRY-RUN: would verify tcp port 8091 is free
[2026-02-24T04:16:47Z] DRY-RUN: create directory /Users/seanheiney/.local/share/wolfbbs
[2026-02-24T04:16:47Z] DRY-RUN: would write /Users/seanheiney/.local/share/wolfbbs/.env
[2026-02-24T04:16:47Z] DRY-RUN: skipping admin user seeding check
[2026-02-24T04:16:47Z] DRY-RUN: would start compose services
[2026-02-24T04:16:47Z] DRY-RUN: skip runtime checks.
[2026-02-24T04:18:28Z] Detected platform: os=macos distro=macos like=n/a arch=arm64 pkg=brew
[2026-02-24T04:18:28Z] DRY-RUN: skip disk-space check
[2026-02-24T04:18:28Z] DRY-RUN: skip Docker install checks
[2026-02-24T04:18:28Z] DRY-RUN: would verify tcp port 2222 is free
[2026-02-24T04:18:28Z] DRY-RUN: would verify tcp port 8080 is free
[2026-02-24T04:18:28Z] DRY-RUN: would verify tcp port 6667 is free
[2026-02-24T04:18:28Z] DRY-RUN: would verify tcp port 8091 is free
[2026-02-24T04:18:28Z] DRY-RUN: create directory /Users/seanheiney/.local/share/wolfbbs
[2026-02-24T04:18:29Z] DRY-RUN: would write /Users/seanheiney/.local/share/wolfbbs/.env
[2026-02-24T04:18:29Z] DRY-RUN: skipping admin user seeding check
[2026-02-24T04:18:29Z] DRY-RUN: would start compose services
[2026-02-24T04:18:29Z] DRY-RUN: skip runtime checks.
[2026-02-24T04:18:29Z] Detected platform: os=macos distro=macos like=n/a arch=arm64 pkg=brew
[2026-02-24T04:18:29Z] DRY-RUN: skip disk-space check
[2026-02-24T04:18:29Z] DRY-RUN: skip Docker install checks
[2026-02-24T04:18:29Z] Detected platform: os=macos distro=macos like=n/a arch=arm64 pkg=brew
[2026-02-24T04:18:29Z] DRY-RUN: skip disk-space check
[2026-02-24T04:18:29Z] DRY-RUN: skip Docker install checks
[2026-02-24T04:18:29Z] DRY-RUN: would verify tcp port 2222 is free
[2026-02-24T04:18:29Z] DRY-RUN: would verify tcp port 8080 is free
[2026-02-24T04:18:29Z] DRY-RUN: would verify tcp port 6667 is free
[2026-02-24T04:18:29Z] DRY-RUN: would verify tcp port 8091 is free
[2026-02-24T04:18:29Z] DRY-RUN: create directory /Users/seanheiney/.local/share/wolfbbs
[2026-02-24T04:18:29Z] DRY-RUN: would write /Users/seanheiney/.local/share/wolfbbs/.env
[2026-02-24T04:18:29Z] DRY-RUN: skipping admin user seeding check
[2026-02-24T04:18:29Z] DRY-RUN: would start compose services
[2026-02-24T04:18:29Z] DRY-RUN: skip runtime checks.
[2026-02-24T04:18:29Z] Detected platform: os=macos distro=macos like=n/a arch=arm64 pkg=brew
[2026-02-24T04:18:29Z] DRY-RUN: skip disk-space check
[2026-02-24T04:18:29Z] DRY-RUN: skip Docker install checks
[2026-02-24T04:18:29Z] DRY-RUN: would verify tcp port 2222 is free
[2026-02-24T04:18:29Z] DRY-RUN: would verify tcp port 8080 is free
[2026-02-24T04:18:29Z] DRY-RUN: would verify tcp port 6667 is free
[2026-02-24T04:18:29Z] DRY-RUN: would verify tcp port 8091 is free
[2026-02-24T04:18:29Z] DRY-RUN: create directory /Users/seanheiney/.local/share/wolfbbs
[2026-02-24T04:18:29Z] DRY-RUN: would write /Users/seanheiney/.local/share/wolfbbs/.env
[2026-02-24T04:18:29Z] DRY-RUN: skipping admin user seeding check
[2026-02-24T04:18:29Z] DRY-RUN: would start compose services
[2026-02-24T04:18:29Z] DRY-RUN: skip runtime checks.
[2026-02-24T04:28:47Z] Detected platform: os=macos distro=macos like=n/a arch=arm64 pkg=brew
[2026-02-24T04:28:47Z] DRY-RUN: skip disk-space check
[2026-02-24T04:28:47Z] DRY-RUN: skip Docker install checks
[2026-02-24T04:28:47Z] DRY-RUN: would verify tcp port 2222 is free
[2026-02-24T04:28:47Z] DRY-RUN: would verify tcp port 8080 is free
[2026-02-24T04:28:47Z] DRY-RUN: would verify tcp port 6667 is free
[2026-02-24T04:28:47Z] DRY-RUN: would verify tcp port 8091 is free
[2026-02-24T04:28:47Z] DRY-RUN: create directory /Users/seanheiney/.local/share/wolfbbs
[2026-02-24T04:28:47Z] DRY-RUN: would write /Users/seanheiney/.local/share/wolfbbs/.env
[2026-02-24T04:28:47Z] DRY-RUN: skipping admin user seeding check
[2026-02-24T04:28:47Z] DRY-RUN: would start compose services
[2026-02-24T04:28:47Z] DRY-RUN: skip runtime checks.
[2026-02-24T04:28:47Z] Detected platform: os=macos distro=macos like=n/a arch=arm64 pkg=brew
[2026-02-24T04:28:47Z] DRY-RUN: skip disk-space check
[2026-02-24T04:28:47Z] DRY-RUN: skip Docker install checks
[2026-02-24T04:28:47Z] Detected platform: os=macos distro=macos like=n/a arch=arm64 pkg=brew
[2026-02-24T04:28:47Z] DRY-RUN: skip disk-space check
[2026-02-24T04:28:47Z] DRY-RUN: skip Docker install checks
[2026-02-24T04:28:47Z] DRY-RUN: would verify tcp port 2222 is free
[2026-02-24T04:28:47Z] DRY-RUN: would verify tcp port 8080 is free
[2026-02-24T04:28:47Z] DRY-RUN: would verify tcp port 6667 is free
[2026-02-24T04:28:47Z] DRY-RUN: would verify tcp port 8091 is free
[2026-02-24T04:28:47Z] DRY-RUN: create directory /Users/seanheiney/.local/share/wolfbbs
[2026-02-24T04:28:47Z] DRY-RUN: would write /Users/seanheiney/.local/share/wolfbbs/.env
[2026-02-24T04:28:47Z] DRY-RUN: skipping admin user seeding check
[2026-02-24T04:28:47Z] DRY-RUN: would start compose services
[2026-02-24T04:28:47Z] DRY-RUN: skip runtime checks.
[2026-02-24T04:28:47Z] Detected platform: os=macos distro=macos like=n/a arch=arm64 pkg=brew
[2026-02-24T04:28:47Z] DRY-RUN: skip disk-space check
[2026-02-24T04:28:47Z] DRY-RUN: skip Docker install checks
[2026-02-24T04:28:47Z] DRY-RUN: would verify tcp port 2222 is free
[2026-02-24T04:28:47Z] DRY-RUN: would verify tcp port 8080 is free
[2026-02-24T04:28:47Z] DRY-RUN: would verify tcp port 6667 is free
[2026-02-24T04:28:47Z] DRY-RUN: would verify tcp port 8091 is free
[2026-02-24T04:28:47Z] DRY-RUN: create directory /Users/seanheiney/.local/share/wolfbbs
[2026-02-24T04:28:47Z] DRY-RUN: would write /Users/seanheiney/.local/share/wolfbbs/.env
[2026-02-24T04:28:47Z] DRY-RUN: skipping admin user seeding check
[2026-02-24T04:28:47Z] DRY-RUN: would start compose services
[2026-02-24T04:28:47Z] DRY-RUN: skip runtime checks.
[2026-02-24T04:31:17Z] Detected platform: os=macos distro=macos like=n/a arch=arm64 pkg=brew
[2026-02-24T04:31:17Z] DRY-RUN: skip disk-space check
[2026-02-24T04:31:17Z] DRY-RUN: skip Docker install checks
[2026-02-24T04:31:17Z] DRY-RUN: would verify tcp port 2222 is free
[2026-02-24T04:31:17Z] DRY-RUN: would verify tcp port 8080 is free
[2026-02-24T04:31:17Z] DRY-RUN: would verify tcp port 6667 is free
[2026-02-24T04:31:17Z] DRY-RUN: would verify tcp port 8091 is free
[2026-02-24T04:31:17Z] DRY-RUN: create directory /Users/seanheiney/.local/share/wolfbbs
[2026-02-24T04:31:17Z] DRY-RUN: would write /Users/seanheiney/.local/share/wolfbbs/.env
[2026-02-24T04:31:17Z] DRY-RUN: skipping admin user seeding check
[2026-02-24T04:31:17Z] DRY-RUN: would start compose services
[2026-02-24T04:31:17Z] DRY-RUN: skip runtime checks.
[2026-02-24T04:31:17Z] Detected platform: os=macos distro=macos like=n/a arch=arm64 pkg=brew
[2026-02-24T04:31:17Z] DRY-RUN: skip disk-space check
[2026-02-24T04:31:17Z] DRY-RUN: skip Docker install checks
[2026-02-24T04:31:18Z] Detected platform: os=macos distro=macos like=n/a arch=arm64 pkg=brew
[2026-02-24T04:31:18Z] DRY-RUN: skip disk-space check
[2026-02-24T04:31:18Z] DRY-RUN: skip Docker install checks
[2026-02-24T04:31:18Z] DRY-RUN: would verify tcp port 2222 is free
[2026-02-24T04:31:18Z] DRY-RUN: would verify tcp port 8080 is free
[2026-02-24T04:31:18Z] DRY-RUN: would verify tcp port 6667 is free
[2026-02-24T04:31:18Z] DRY-RUN: would verify tcp port 8091 is free
[2026-02-24T04:31:18Z] DRY-RUN: create directory /Users/seanheiney/.local/share/wolfbbs
[2026-02-24T04:31:18Z] DRY-RUN: would write /Users/seanheiney/.local/share/wolfbbs/.env
[2026-02-24T04:31:18Z] DRY-RUN: skipping admin user seeding check
[2026-02-24T04:31:18Z] DRY-RUN: would start compose services
[2026-02-24T04:31:18Z] DRY-RUN: skip runtime checks.
[2026-02-24T04:31:18Z] Detected platform: os=macos distro=macos like=n/a arch=arm64 pkg=brew
[2026-02-24T04:31:18Z] DRY-RUN: skip disk-space check
[2026-02-24T04:31:18Z] DRY-RUN: skip Docker install checks
[2026-02-24T04:31:18Z] DRY-RUN: would verify tcp port 2222 is free
[2026-02-24T04:31:18Z] DRY-RUN: would verify tcp port 8080 is free
[2026-02-24T04:31:18Z] DRY-RUN: would verify tcp port 6667 is free
[2026-02-24T04:31:18Z] DRY-RUN: would verify tcp port 8091 is free
[2026-02-24T04:31:18Z] DRY-RUN: create directory /Users/seanheiney/.local/share/wolfbbs
[2026-02-24T04:31:18Z] DRY-RUN: would write /Users/seanheiney/.local/share/wolfbbs/.env
[2026-02-24T04:31:18Z] DRY-RUN: skipping admin user seeding check
[2026-02-24T04:31:18Z] DRY-RUN: would start compose services
[2026-02-24T04:31:18Z] DRY-RUN: skip runtime checks.
[2026-02-24T10:54:28Z] Detected platform: os=macos distro=macos like=n/a arch=arm64 pkg=brew
[2026-02-24T10:54:28Z] DRY-RUN: skip disk-space check
[2026-02-24T10:54:28Z] DRY-RUN: skip Docker install checks
[2026-02-24T10:54:28Z] DRY-RUN: would verify tcp port 2222 is free
[2026-02-24T10:54:28Z] DRY-RUN: would verify tcp port 8080 is free
[2026-02-24T10:54:28Z] DRY-RUN: would verify tcp port 6667 is free
[2026-02-24T10:54:28Z] DRY-RUN: would verify tcp port 8091 is free
[2026-02-24T10:54:28Z] DRY-RUN: create directory /Users/seanheiney/.local/share/wolfbbs
[2026-02-24T10:54:28Z] DRY-RUN: would write /Users/seanheiney/.local/share/wolfbbs/.env
[2026-02-24T10:54:28Z] DRY-RUN: skipping admin user seeding check
[2026-02-24T10:54:28Z] DRY-RUN: would start compose services
[2026-02-24T10:54:28Z] DRY-RUN: skip runtime checks.
[2026-02-24T10:54:28Z] Detected platform: os=macos distro=macos like=n/a arch=arm64 pkg=brew
[2026-02-24T10:54:28Z] DRY-RUN: skip disk-space check
[2026-02-24T10:54:28Z] DRY-RUN: skip Docker install checks
[2026-02-24T10:54:28Z] Detected platform: os=macos distro=macos like=n/a arch=arm64 pkg=brew
[2026-02-24T10:54:28Z] DRY-RUN: skip disk-space check
[2026-02-24T10:54:28Z] DRY-RUN: skip Docker install checks
[2026-02-24T10:54:28Z] DRY-RUN: would verify tcp port 2222 is free
[2026-02-24T10:54:28Z] DRY-RUN: would verify tcp port 8080 is free
[2026-02-24T10:54:28Z] DRY-RUN: would verify tcp port 6667 is free
[2026-02-24T10:54:28Z] DRY-RUN: would verify tcp port 8091 is free
[2026-02-24T10:54:28Z] DRY-RUN: create directory /Users/seanheiney/.local/share/wolfbbs
[2026-02-24T10:54:28Z] DRY-RUN: would write /Users/seanheiney/.local/share/wolfbbs/.env
[2026-02-24T10:54:28Z] DRY-RUN: skipping admin user seeding check
[2026-02-24T10:54:28Z] DRY-RUN: would start compose services
[2026-02-24T10:54:28Z] DRY-RUN: skip runtime checks.
[2026-02-24T10:54:28Z] Detected platform: os=macos distro=macos like=n/a arch=arm64 pkg=brew
[2026-02-24T10:54:28Z] DRY-RUN: skip disk-space check
[2026-02-24T10:54:28Z] DRY-RUN: skip Docker install checks
[2026-02-24T10:54:28Z] DRY-RUN: would verify tcp port 2222 is free
[2026-02-24T10:54:28Z] DRY-RUN: would verify tcp port 8080 is free
[2026-02-24T10:54:28Z] DRY-RUN: would verify tcp port 6667 is free
[2026-02-24T10:54:28Z] DRY-RUN: would verify tcp port 8091 is free
[2026-02-24T10:54:28Z] DRY-RUN: create directory /Users/seanheiney/.local/share/wolfbbs
[2026-02-24T10:54:28Z] DRY-RUN: would write /Users/seanheiney/.local/share/wolfbbs/.env
[2026-02-24T10:54:28Z] DRY-RUN: skipping admin user seeding check
[2026-02-24T10:54:28Z] DRY-RUN: would start compose services
[2026-02-24T10:54:28Z] DRY-RUN: skip runtime checks.
[2026-02-24T13:08:48Z] Detected platform: os=macos distro=macos like=n/a arch=arm64 pkg=brew
[2026-02-24T13:08:48Z] DRY-RUN: skip disk-space check
[2026-02-24T13:08:48Z] DRY-RUN: skip Docker install checks
[2026-02-24T13:08:48Z] DRY-RUN: would verify tcp port 2222 is free
[2026-02-24T13:08:48Z] DRY-RUN: would verify tcp port 8080 is free
[2026-02-24T13:08:48Z] DRY-RUN: would verify tcp port 6667 is free
[2026-02-24T13:08:48Z] DRY-RUN: would verify tcp port 8091 is free
[2026-02-24T13:08:48Z] DRY-RUN: create directory /Users/seanheiney/.local/share/wolfbbs
[2026-02-24T13:08:48Z] DRY-RUN: would write /Users/seanheiney/.local/share/wolfbbs/.env
[2026-02-24T13:08:48Z] DRY-RUN: skipping admin user seeding check
[2026-02-24T13:08:48Z] DRY-RUN: would start compose services
[2026-02-24T13:08:48Z] DRY-RUN: skip runtime checks.
[2026-02-24T13:08:48Z] Detected platform: os=macos distro=macos like=n/a arch=arm64 pkg=brew
[2026-02-24T13:08:48Z] DRY-RUN: skip disk-space check
[2026-02-24T13:08:48Z] DRY-RUN: skip Docker install checks
[2026-02-24T13:08:48Z] Detected platform: os=macos distro=macos like=n/a arch=arm64 pkg=brew
[2026-02-24T13:08:48Z] DRY-RUN: skip disk-space check
[2026-02-24T13:08:48Z] DRY-RUN: skip Docker install checks
[2026-02-24T13:08:48Z] DRY-RUN: would verify tcp port 2222 is free
[2026-02-24T13:08:48Z] DRY-RUN: would verify tcp port 8080 is free
[2026-02-24T13:08:48Z] DRY-RUN: would verify tcp port 6667 is free
[2026-02-24T13:08:48Z] DRY-RUN: would verify tcp port 8091 is free
[2026-02-24T13:08:48Z] DRY-RUN: create directory /Users/seanheiney/.local/share/wolfbbs
[2026-02-24T13:08:48Z] DRY-RUN: would write /Users/seanheiney/.local/share/wolfbbs/.env
[2026-02-24T13:08:48Z] DRY-RUN: skipping admin user seeding check
[2026-02-24T13:08:48Z] DRY-RUN: would start compose services
[2026-02-24T13:08:49Z] DRY-RUN: skip runtime checks.
[2026-02-24T13:08:49Z] Detected platform: os=macos distro=macos like=n/a arch=arm64 pkg=brew
[2026-02-24T13:08:49Z] DRY-RUN: skip disk-space check
[2026-02-24T13:08:49Z] DRY-RUN: skip Docker install checks
[2026-02-24T13:08:49Z] DRY-RUN: would verify tcp port 2222 is free
[2026-02-24T13:08:49Z] DRY-RUN: would verify tcp port 8080 is free
[2026-02-24T13:08:49Z] DRY-RUN: would verify tcp port 6667 is free
[2026-02-24T13:08:49Z] DRY-RUN: would verify tcp port 8091 is free
[2026-02-24T13:08:49Z] DRY-RUN: create directory /Users/seanheiney/.local/share/wolfbbs
[2026-02-24T13:08:49Z] DRY-RUN: would write /Users/seanheiney/.local/share/wolfbbs/.env
[2026-02-24T13:08:49Z] DRY-RUN: skipping admin user seeding check
[2026-02-24T13:08:49Z] DRY-RUN: would start compose services
[2026-02-24T13:08:49Z] DRY-RUN: skip runtime checks.
[2026-02-24T13:09:36Z] Detected platform: os=macos distro=macos like=n/a arch=arm64 pkg=brew
[2026-02-24T13:09:36Z] DRY-RUN: skip disk-space check
[2026-02-24T13:09:36Z] DRY-RUN: skip Docker install checks
[2026-02-24T13:09:36Z] DRY-RUN: would verify tcp port 2222 is free
[2026-02-24T13:09:36Z] DRY-RUN: would verify tcp port 8080 is free
[2026-02-24T13:09:36Z] DRY-RUN: would verify tcp port 6667 is free
[2026-02-24T13:09:36Z] DRY-RUN: would verify tcp port 8091 is free
[2026-02-24T13:09:36Z] DRY-RUN: create directory /Users/seanheiney/.local/share/wolfbbs
[2026-02-24T13:09:36Z] DRY-RUN: would write /Users/seanheiney/.local/share/wolfbbs/.env
[2026-02-24T13:09:36Z] DRY-RUN: skipping admin user seeding check
[2026-02-24T13:09:36Z] DRY-RUN: would start compose services
[2026-02-24T13:09:36Z] DRY-RUN: skip runtime checks.
[2026-02-24T13:09:36Z] Detected platform: os=macos distro=macos like=n/a arch=arm64 pkg=brew
[2026-02-24T13:09:36Z] DRY-RUN: skip disk-space check
[2026-02-24T13:09:36Z] DRY-RUN: skip Docker install checks
[2026-02-24T13:09:36Z] Detected platform: os=macos distro=macos like=n/a arch=arm64 pkg=brew
[2026-02-24T13:09:36Z] DRY-RUN: skip disk-space check
[2026-02-24T13:09:36Z] DRY-RUN: skip Docker install checks
[2026-02-24T13:09:36Z] DRY-RUN: would verify tcp port 2222 is free
[2026-02-24T13:09:36Z] DRY-RUN: would verify tcp port 8080 is free
[2026-02-24T13:09:36Z] DRY-RUN: would verify tcp port 6667 is free
[2026-02-24T13:09:36Z] DRY-RUN: would verify tcp port 8091 is free
[2026-02-24T13:09:36Z] DRY-RUN: create directory /Users/seanheiney/.local/share/wolfbbs
[2026-02-24T13:09:36Z] DRY-RUN: would write /Users/seanheiney/.local/share/wolfbbs/.env
[2026-02-24T13:09:36Z] DRY-RUN: skipping admin user seeding check
[2026-02-24T13:09:36Z] DRY-RUN: would start compose services
[2026-02-24T13:09:36Z] DRY-RUN: skip runtime checks.
[2026-02-24T13:09:36Z] Detected platform: os=macos distro=macos like=n/a arch=arm64 pkg=brew
[2026-02-24T13:09:36Z] DRY-RUN: skip disk-space check
[2026-02-24T13:09:36Z] DRY-RUN: skip Docker install checks
[2026-02-24T13:09:36Z] DRY-RUN: would verify tcp port 2222 is free
[2026-02-24T13:09:36Z] DRY-RUN: would verify tcp port 8080 is free
[2026-02-24T13:09:36Z] DRY-RUN: would verify tcp port 6667 is free
[2026-02-24T13:09:36Z] DRY-RUN: would verify tcp port 8091 is free
[2026-02-24T13:09:36Z] DRY-RUN: create directory /Users/seanheiney/.local/share/wolfbbs
[2026-02-24T13:09:36Z] DRY-RUN: would write /Users/seanheiney/.local/share/wolfbbs/.env
[2026-02-24T13:09:36Z] DRY-RUN: skipping admin user seeding check
[2026-02-24T13:09:36Z] DRY-RUN: would start compose services
[2026-02-24T13:09:36Z] DRY-RUN: skip runtime checks.
[2026-02-27T02:28:15Z] Detected platform: os=macos distro=macos like=n/a arch=arm64 pkg=brew
[2026-02-27T02:28:15Z] DRY-RUN: skip disk-space check
[2026-02-27T02:28:15Z] DRY-RUN: skip Docker install checks
[2026-02-27T02:28:15Z] DRY-RUN: would verify tcp port 2222 is free
[2026-02-27T02:28:15Z] DRY-RUN: would verify tcp port 8080 is free
[2026-02-27T02:28:15Z] DRY-RUN: would verify tcp port 6667 is free
[2026-02-27T02:28:15Z] DRY-RUN: would verify tcp port 8091 is free
[2026-02-27T02:28:15Z] DRY-RUN: create directory /Users/seanheiney/.local/share/wolfbbs
[2026-02-27T02:28:15Z] DRY-RUN: would write /Users/seanheiney/.local/share/wolfbbs/.env
[2026-02-27T02:28:15Z] DRY-RUN: skipping admin user seeding check
[2026-02-27T02:28:15Z] DRY-RUN: would start compose services
[2026-02-27T02:28:15Z] DRY-RUN: skip runtime checks.
[2026-02-27T02:28:16Z] Detected platform: os=macos distro=macos like=n/a arch=arm64 pkg=brew
[2026-02-27T02:28:16Z] DRY-RUN: skip disk-space check
[2026-02-27T02:28:16Z] DRY-RUN: skip Docker install checks
[2026-02-27T02:28:16Z] Detected platform: os=macos distro=macos like=n/a arch=arm64 pkg=brew
[2026-02-27T02:28:16Z] DRY-RUN: skip disk-space check
[2026-02-27T02:28:16Z] DRY-RUN: skip Docker install checks
[2026-02-27T02:28:16Z] DRY-RUN: would verify tcp port 2222 is free
[2026-02-27T02:28:16Z] DRY-RUN: would verify tcp port 8080 is free
[2026-02-27T02:28:16Z] DRY-RUN: would verify tcp port 6667 is free
[2026-02-27T02:28:16Z] DRY-RUN: would verify tcp port 8091 is free
[2026-02-27T02:28:16Z] DRY-RUN: create directory /Users/seanheiney/.local/share/wolfbbs
[2026-02-27T02:28:16Z] DRY-RUN: would write /Users/seanheiney/.local/share/wolfbbs/.env
[2026-02-27T02:28:16Z] DRY-RUN: skipping admin user seeding check
[2026-02-27T02:28:16Z] DRY-RUN: would start compose services
[2026-02-27T02:28:16Z] DRY-RUN: skip runtime checks.
[2026-02-27T02:28:16Z] Detected platform: os=macos distro=macos like=n/a arch=arm64 pkg=brew
[2026-02-27T02:28:16Z] DRY-RUN: skip disk-space check
[2026-02-27T02:28:16Z] DRY-RUN: skip Docker install checks
[2026-02-27T02:28:16Z] DRY-RUN: would verify tcp port 2222 is free
[2026-02-27T02:28:16Z] DRY-RUN: would verify tcp port 8080 is free
[2026-02-27T02:28:16Z] DRY-RUN: would verify tcp port 6667 is free
[2026-02-27T02:28:16Z] DRY-RUN: would verify tcp port 8091 is free
[2026-02-27T02:28:16Z] DRY-RUN: create directory /Users/seanheiney/.local/share/wolfbbs
[2026-02-27T02:28:16Z] DRY-RUN: would write /Users/seanheiney/.local/share/wolfbbs/.env
[2026-02-27T02:28:16Z] DRY-RUN: skipping admin user seeding check
[2026-02-27T02:28:16Z] DRY-RUN: would start compose services
[2026-02-27T02:28:16Z] DRY-RUN: skip runtime checks.
[2026-02-27T02:40:20Z] Detected platform: os=macos distro=macos like=n/a arch=arm64 pkg=brew
[2026-02-27T02:40:20Z] DRY-RUN: skip disk-space check
[2026-02-27T02:40:20Z] DRY-RUN: skip Docker install checks
[2026-02-27T02:40:20Z] DRY-RUN: would verify tcp port 2222 is free
[2026-02-27T02:40:20Z] DRY-RUN: would verify tcp port 8080 is free
[2026-02-27T02:40:20Z] DRY-RUN: would verify tcp port 6667 is free
[2026-02-27T02:40:20Z] DRY-RUN: would verify tcp port 8091 is free
[2026-02-27T02:40:20Z] DRY-RUN: create directory /Users/seanheiney/.local/share/wolfbbs
[2026-02-27T02:40:20Z] DRY-RUN: would write /Users/seanheiney/.local/share/wolfbbs/.env
[2026-02-27T02:40:20Z] DRY-RUN: skipping admin user seeding check
[2026-02-27T02:40:20Z] DRY-RUN: would start compose services
[2026-02-27T02:40:20Z] DRY-RUN: skip runtime checks.
[2026-02-27T02:40:20Z] Detected platform: os=macos distro=macos like=n/a arch=arm64 pkg=brew
[2026-02-27T02:40:20Z] DRY-RUN: skip disk-space check
[2026-02-27T02:40:20Z] DRY-RUN: skip Docker install checks
[2026-02-27T02:40:20Z] Detected platform: os=macos distro=macos like=n/a arch=arm64 pkg=brew
[2026-02-27T02:40:20Z] DRY-RUN: skip disk-space check
[2026-02-27T02:40:20Z] DRY-RUN: skip Docker install checks
[2026-02-27T02:40:20Z] DRY-RUN: would verify tcp port 2222 is free
[2026-02-27T02:40:20Z] DRY-RUN: would verify tcp port 8080 is free
[2026-02-27T02:40:20Z] DRY-RUN: would verify tcp port 6667 is free
[2026-02-27T02:40:20Z] DRY-RUN: would verify tcp port 8091 is free
[2026-02-27T02:40:20Z] DRY-RUN: create directory /Users/seanheiney/.local/share/wolfbbs
[2026-02-27T02:40:20Z] DRY-RUN: would write /Users/seanheiney/.local/share/wolfbbs/.env
[2026-02-27T02:40:20Z] DRY-RUN: skipping admin user seeding check
[2026-02-27T02:40:20Z] DRY-RUN: would start compose services
[2026-02-27T02:40:20Z] DRY-RUN: skip runtime checks.
[2026-02-27T02:40:20Z] Detected platform: os=macos distro=macos like=n/a arch=arm64 pkg=brew
[2026-02-27T02:40:20Z] DRY-RUN: skip disk-space check
[2026-02-27T02:40:20Z] DRY-RUN: skip Docker install checks
[2026-02-27T02:40:20Z] DRY-RUN: would verify tcp port 2222 is free
[2026-02-27T02:40:20Z] DRY-RUN: would verify tcp port 8080 is free
[2026-02-27T02:40:20Z] DRY-RUN: would verify tcp port 6667 is free
[2026-02-27T02:40:20Z] DRY-RUN: would verify tcp port 8091 is free
[2026-02-27T02:40:20Z] DRY-RUN: create directory /Users/seanheiney/.local/share/wolfbbs
[2026-02-27T02:40:20Z] DRY-RUN: would write /Users/seanheiney/.local/share/wolfbbs/.env
[2026-02-27T02:40:20Z] DRY-RUN: skipping admin user seeding check
[2026-02-27T02:40:20Z] DRY-RUN: would start compose services
[2026-02-27T02:40:20Z] DRY-RUN: skip runtime checks.
[2026-02-27T02:55:00Z] Detected platform: os=macos distro=macos like=n/a arch=arm64 pkg=brew
[2026-02-27T02:55:00Z] DRY-RUN: skip disk-space check
[2026-02-27T02:55:00Z] DRY-RUN: skip Docker install checks
[2026-02-27T02:55:00Z] DRY-RUN: would verify tcp port 2222 is free
[2026-02-27T02:55:00Z] DRY-RUN: would verify tcp port 8080 is free
[2026-02-27T02:55:00Z] DRY-RUN: would verify tcp port 6667 is free
[2026-02-27T02:55:00Z] DRY-RUN: would verify tcp port 8091 is free
[2026-02-27T02:55:00Z] DRY-RUN: create directory /Users/seanheiney/.local/share/wolfbbs
[2026-02-27T02:55:00Z] DRY-RUN: would write /Users/seanheiney/.local/share/wolfbbs/.env
[2026-02-27T02:55:00Z] DRY-RUN: skipping admin user seeding check
[2026-02-27T02:55:00Z] DRY-RUN: would start compose services
[2026-02-27T02:55:00Z] DRY-RUN: skip runtime checks.
[2026-02-27T02:55:00Z] Detected platform: os=macos distro=macos like=n/a arch=arm64 pkg=brew
[2026-02-27T02:55:00Z] DRY-RUN: skip disk-space check
[2026-02-27T02:55:00Z] DRY-RUN: skip Docker install checks
[2026-02-27T02:55:00Z] Detected platform: os=macos distro=macos like=n/a arch=arm64 pkg=brew
[2026-02-27T02:55:00Z] DRY-RUN: skip disk-space check
[2026-02-27T02:55:01Z] DRY-RUN: skip Docker install checks
[2026-02-27T02:55:01Z] DRY-RUN: would verify tcp port 2222 is free
[2026-02-27T02:55:01Z] DRY-RUN: would verify tcp port 8080 is free
[2026-02-27T02:55:01Z] DRY-RUN: would verify tcp port 6667 is free
[2026-02-27T02:55:01Z] DRY-RUN: would verify tcp port 8091 is free
[2026-02-27T02:55:01Z] DRY-RUN: create directory /Users/seanheiney/.local/share/wolfbbs
[2026-02-27T02:55:01Z] DRY-RUN: would write /Users/seanheiney/.local/share/wolfbbs/.env
[2026-02-27T02:55:01Z] DRY-RUN: skipping admin user seeding check
[2026-02-27T02:55:01Z] DRY-RUN: would start compose services
[2026-02-27T02:55:01Z] DRY-RUN: skip runtime checks.
[2026-02-27T02:55:01Z] Detected platform: os=macos distro=macos like=n/a arch=arm64 pkg=brew
[2026-02-27T02:55:01Z] DRY-RUN: skip disk-space check
[2026-02-27T02:55:01Z] DRY-RUN: skip Docker install checks
[2026-02-27T02:55:01Z] DRY-RUN: would verify tcp port 2222 is free
[2026-02-27T02:55:01Z] DRY-RUN: would verify tcp port 8080 is free
[2026-02-27T02:55:01Z] DRY-RUN: would verify tcp port 6667 is free
[2026-02-27T02:55:01Z] DRY-RUN: would verify tcp port 8091 is free
[2026-02-27T02:55:01Z] DRY-RUN: create directory /Users/seanheiney/.local/share/wolfbbs
[2026-02-27T02:55:01Z] DRY-RUN: would write /Users/seanheiney/.local/share/wolfbbs/.env
[2026-02-27T02:55:01Z] DRY-RUN: skipping admin user seeding check
[2026-02-27T02:55:01Z] DRY-RUN: would start compose services
[2026-02-27T02:55:01Z] DRY-RUN: skip runtime checks.
[2026-02-27T03:13:09Z] Detected platform: os=macos distro=macos like=n/a arch=arm64 pkg=brew
[2026-02-27T03:13:09Z] DRY-RUN: skip disk-space check
[2026-02-27T03:13:09Z] DRY-RUN: skip Docker install checks
[2026-02-27T03:13:09Z] DRY-RUN: would verify tcp port 2222 is free
[2026-02-27T03:13:09Z] DRY-RUN: would verify tcp port 8080 is free
[2026-02-27T03:13:09Z] DRY-RUN: would verify tcp port 6667 is free
[2026-02-27T03:13:09Z] DRY-RUN: would verify tcp port 8091 is free
[2026-02-27T03:13:09Z] DRY-RUN: create directory /Users/seanheiney/.local/share/wolfbbs
[2026-02-27T03:13:09Z] DRY-RUN: would write /Users/seanheiney/.local/share/wolfbbs/.env
[2026-02-27T03:13:09Z] DRY-RUN: skipping sysop user seeding check
[2026-02-27T03:13:09Z] DRY-RUN: would start compose services
[2026-02-27T03:13:09Z] DRY-RUN: skip runtime checks.
[2026-02-27T03:13:09Z] Detected platform: os=macos distro=macos like=n/a arch=arm64 pkg=brew
[2026-02-27T03:13:09Z] DRY-RUN: skip disk-space check
[2026-02-27T03:13:09Z] DRY-RUN: skip Docker install checks
[2026-02-27T03:13:09Z] Detected platform: os=macos distro=macos like=n/a arch=arm64 pkg=brew
[2026-02-27T03:13:09Z] DRY-RUN: skip disk-space check
[2026-02-27T03:13:09Z] DRY-RUN: skip Docker install checks
[2026-02-27T03:13:09Z] DRY-RUN: would verify tcp port 2222 is free
[2026-02-27T03:13:09Z] DRY-RUN: would verify tcp port 8080 is free
[2026-02-27T03:13:09Z] DRY-RUN: would verify tcp port 6667 is free
[2026-02-27T03:13:09Z] DRY-RUN: would verify tcp port 8091 is free
[2026-02-27T03:13:09Z] DRY-RUN: create directory /Users/seanheiney/.local/share/wolfbbs
[2026-02-27T03:13:09Z] DRY-RUN: would write /Users/seanheiney/.local/share/wolfbbs/.env
[2026-02-27T03:13:09Z] DRY-RUN: skipping sysop user seeding check
[2026-02-27T03:13:09Z] DRY-RUN: would start compose services
[2026-02-27T03:13:09Z] DRY-RUN: skip runtime checks.
[2026-02-27T03:13:09Z] Detected platform: os=macos distro=macos like=n/a arch=arm64 pkg=brew
[2026-02-27T03:13:09Z] DRY-RUN: skip disk-space check
[2026-02-27T03:13:09Z] DRY-RUN: skip Docker install checks
[2026-02-27T03:13:09Z] DRY-RUN: would verify tcp port 2222 is free
[2026-02-27T03:13:09Z] DRY-RUN: would verify tcp port 8080 is free
[2026-02-27T03:13:09Z] DRY-RUN: would verify tcp port 6667 is free
[2026-02-27T03:13:09Z] DRY-RUN: would verify tcp port 8091 is free
[2026-02-27T03:13:09Z] DRY-RUN: create directory /Users/seanheiney/.local/share/wolfbbs
[2026-02-27T03:13:09Z] DRY-RUN: would write /Users/seanheiney/.local/share/wolfbbs/.env
[2026-02-27T03:13:09Z] DRY-RUN: skipping sysop user seeding check
[2026-02-27T03:13:09Z] DRY-RUN: would start compose services
[2026-02-27T03:13:09Z] DRY-RUN: skip runtime checks.
[2026-02-27T03:13:57Z] Detected platform: os=macos distro=macos like=n/a arch=arm64 pkg=brew
[2026-02-27T03:13:57Z] DRY-RUN: skip disk-space check
[2026-02-27T03:13:57Z] DRY-RUN: skip Docker install checks
[2026-02-27T03:13:57Z] DRY-RUN: would verify tcp port 2222 is free
[2026-02-27T03:13:57Z] DRY-RUN: would verify tcp port 8080 is free
[2026-02-27T03:13:57Z] DRY-RUN: would verify tcp port 6667 is free
[2026-02-27T03:13:57Z] DRY-RUN: would verify tcp port 8091 is free
[2026-02-27T03:13:57Z] DRY-RUN: create directory /Users/seanheiney/.local/share/wolfbbs
[2026-02-27T03:13:57Z] DRY-RUN: would write /Users/seanheiney/.local/share/wolfbbs/.env
[2026-02-27T03:13:57Z] DRY-RUN: skipping sysop user seeding check
[2026-02-27T03:13:57Z] DRY-RUN: would start compose services
[2026-02-27T03:13:57Z] DRY-RUN: skip runtime checks.
[2026-02-27T03:13:57Z] Detected platform: os=macos distro=macos like=n/a arch=arm64 pkg=brew
[2026-02-27T03:13:57Z] DRY-RUN: skip disk-space check
[2026-02-27T03:13:57Z] DRY-RUN: skip Docker install checks
[2026-02-27T03:13:57Z] Detected platform: os=macos distro=macos like=n/a arch=arm64 pkg=brew
[2026-02-27T03:13:57Z] DRY-RUN: skip disk-space check
[2026-02-27T03:13:57Z] DRY-RUN: skip Docker install checks
[2026-02-27T03:13:57Z] DRY-RUN: would verify tcp port 2222 is free
[2026-02-27T03:13:57Z] DRY-RUN: would verify tcp port 8080 is free
[2026-02-27T03:13:57Z] DRY-RUN: would verify tcp port 6667 is free
[2026-02-27T03:13:57Z] DRY-RUN: would verify tcp port 8091 is free
[2026-02-27T03:13:57Z] DRY-RUN: create directory /Users/seanheiney/.local/share/wolfbbs
[2026-02-27T03:13:57Z] DRY-RUN: would write /Users/seanheiney/.local/share/wolfbbs/.env
[2026-02-27T03:13:57Z] DRY-RUN: skipping sysop user seeding check
[2026-02-27T03:13:57Z] DRY-RUN: would start compose services
[2026-02-27T03:13:57Z] DRY-RUN: skip runtime checks.
[2026-02-27T03:13:57Z] Detected platform: os=macos distro=macos like=n/a arch=arm64 pkg=brew
[2026-02-27T03:13:57Z] DRY-RUN: skip disk-space check
[2026-02-27T03:13:57Z] DRY-RUN: skip Docker install checks
[2026-02-27T03:13:57Z] DRY-RUN: would verify tcp port 2222 is free
[2026-02-27T03:13:57Z] DRY-RUN: would verify tcp port 8080 is free
[2026-02-27T03:13:57Z] DRY-RUN: would verify tcp port 6667 is free
[2026-02-27T03:13:57Z] DRY-RUN: would verify tcp port 8091 is free
[2026-02-27T03:13:57Z] DRY-RUN: create directory /Users/seanheiney/.local/share/wolfbbs
[2026-02-27T03:13:57Z] DRY-RUN: would write /Users/seanheiney/.local/share/wolfbbs/.env
[2026-02-27T03:13:57Z] DRY-RUN: skipping sysop user seeding check
[2026-02-27T03:13:57Z] DRY-RUN: would start compose services
[2026-02-27T03:13:57Z] DRY-RUN: skip runtime checks.
[2026-02-27T03:20:34Z] Detected platform: os=macos distro=macos like=n/a arch=arm64 pkg=brew
[2026-02-27T03:20:34Z] DRY-RUN: skip disk-space check
[2026-02-27T03:20:34Z] DRY-RUN: skip Docker install checks
[2026-02-27T03:20:34Z] DRY-RUN: would verify tcp port 2222 is free
[2026-02-27T03:20:34Z] DRY-RUN: would verify tcp port 8080 is free
[2026-02-27T03:20:34Z] DRY-RUN: would verify tcp port 6667 is free
[2026-02-27T03:20:34Z] DRY-RUN: would verify tcp port 8091 is free
[2026-02-27T03:20:34Z] DRY-RUN: create directory /Users/seanheiney/.local/share/wolfbbs
[2026-02-27T03:20:34Z] DRY-RUN: would write /Users/seanheiney/.local/share/wolfbbs/.env
[2026-02-27T03:20:34Z] DRY-RUN: skipping sysop user seeding check
[2026-02-27T03:20:34Z] DRY-RUN: would start compose services
[2026-02-27T03:20:34Z] DRY-RUN: skip runtime checks.
[2026-02-27T03:20:34Z] Detected platform: os=macos distro=macos like=n/a arch=arm64 pkg=brew
[2026-02-27T03:20:34Z] DRY-RUN: skip disk-space check
[2026-02-27T03:20:34Z] DRY-RUN: skip Docker install checks
[2026-02-27T03:20:34Z] Detected platform: os=macos distro=macos like=n/a arch=arm64 pkg=brew
[2026-02-27T03:20:34Z] DRY-RUN: skip disk-space check
[2026-02-27T03:20:34Z] DRY-RUN: skip Docker install checks
[2026-02-27T03:20:34Z] DRY-RUN: would verify tcp port 2222 is free
[2026-02-27T03:20:34Z] DRY-RUN: would verify tcp port 8080 is free
[2026-02-27T03:20:34Z] DRY-RUN: would verify tcp port 6667 is free
[2026-02-27T03:20:34Z] DRY-RUN: would verify tcp port 8091 is free
[2026-02-27T03:20:34Z] DRY-RUN: create directory /Users/seanheiney/.local/share/wolfbbs
[2026-02-27T03:20:34Z] DRY-RUN: would write /Users/seanheiney/.local/share/wolfbbs/.env
[2026-02-27T03:20:34Z] DRY-RUN: skipping sysop user seeding check
[2026-02-27T03:20:34Z] DRY-RUN: would start compose services
[2026-02-27T03:20:34Z] DRY-RUN: skip runtime checks.
[2026-02-27T03:20:34Z] Detected platform: os=macos distro=macos like=n/a arch=arm64 pkg=brew
[2026-02-27T03:20:34Z] DRY-RUN: skip disk-space check
[2026-02-27T03:20:34Z] DRY-RUN: skip Docker install checks
[2026-02-27T03:20:34Z] DRY-RUN: would verify tcp port 2222 is free
[2026-02-27T03:20:34Z] DRY-RUN: would verify tcp port 8080 is free
[2026-02-27T03:20:34Z] DRY-RUN: would verify tcp port 6667 is free
[2026-02-27T03:20:34Z] DRY-RUN: would verify tcp port 8091 is free
[2026-02-27T03:20:34Z] DRY-RUN: create directory /Users/seanheiney/.local/share/wolfbbs
[2026-02-27T03:20:34Z] DRY-RUN: would write /Users/seanheiney/.local/share/wolfbbs/.env
[2026-02-27T03:20:34Z] DRY-RUN: skipping sysop user seeding check
[2026-02-27T03:20:34Z] DRY-RUN: would start compose services
[2026-02-27T03:20:34Z] DRY-RUN: skip runtime checks.
[2026-02-27T03:21:12Z] Detected platform: os=macos distro=macos like=n/a arch=arm64 pkg=brew
[2026-02-27T03:21:12Z] DRY-RUN: skip disk-space check
[2026-02-27T03:21:12Z] DRY-RUN: skip Docker install checks
[2026-02-27T03:21:12Z] DRY-RUN: would verify tcp port 2222 is free
[2026-02-27T03:21:12Z] DRY-RUN: would verify tcp port 8080 is free
[2026-02-27T03:21:12Z] DRY-RUN: would verify tcp port 6667 is free
[2026-02-27T03:21:13Z] DRY-RUN: would verify tcp port 8091 is free
[2026-02-27T03:21:13Z] DRY-RUN: create directory /Users/seanheiney/.local/share/wolfbbs
[2026-02-27T03:21:13Z] DRY-RUN: would write /Users/seanheiney/.local/share/wolfbbs/.env
[2026-02-27T03:21:13Z] DRY-RUN: skipping sysop user seeding check
[2026-02-27T03:21:13Z] DRY-RUN: would start compose services
[2026-02-27T03:21:13Z] DRY-RUN: skip runtime checks.
[2026-02-27T03:21:13Z] Detected platform: os=macos distro=macos like=n/a arch=arm64 pkg=brew
[2026-02-27T03:21:13Z] DRY-RUN: skip disk-space check
[2026-02-27T03:21:13Z] DRY-RUN: skip Docker install checks
[2026-02-27T03:21:13Z] Detected platform: os=macos distro=macos like=n/a arch=arm64 pkg=brew
[2026-02-27T03:21:13Z] DRY-RUN: skip disk-space check
[2026-02-27T03:21:13Z] DRY-RUN: skip Docker install checks
[2026-02-27T03:21:13Z] DRY-RUN: would verify tcp port 2222 is free
[2026-02-27T03:21:13Z] DRY-RUN: would verify tcp port 8080 is free
[2026-02-27T03:21:13Z] DRY-RUN: would verify tcp port 6667 is free
[2026-02-27T03:21:13Z] DRY-RUN: would verify tcp port 8091 is free
[2026-02-27T03:21:13Z] DRY-RUN: create directory /Users/seanheiney/.local/share/wolfbbs
[2026-02-27T03:21:13Z] DRY-RUN: would write /Users/seanheiney/.local/share/wolfbbs/.env
[2026-02-27T03:21:13Z] DRY-RUN: skipping sysop user seeding check
[2026-02-27T03:21:13Z] DRY-RUN: would start compose services
[2026-02-27T03:21:13Z] DRY-RUN: skip runtime checks.
[2026-02-27T03:21:13Z] Detected platform: os=macos distro=macos like=n/a arch=arm64 pkg=brew
[2026-02-27T03:21:13Z] DRY-RUN: skip disk-space check
[2026-02-27T03:21:13Z] DRY-RUN: skip Docker install checks
[2026-02-27T03:21:13Z] DRY-RUN: would verify tcp port 2222 is free
[2026-02-27T03:21:13Z] DRY-RUN: would verify tcp port 8080 is free
[2026-02-27T03:21:13Z] DRY-RUN: would verify tcp port 6667 is free
[2026-02-27T03:21:13Z] DRY-RUN: would verify tcp port 8091 is free
[2026-02-27T03:21:13Z] DRY-RUN: create directory /Users/seanheiney/.local/share/wolfbbs
[2026-02-27T03:21:13Z] DRY-RUN: would write /Users/seanheiney/.local/share/wolfbbs/.env
[2026-02-27T03:21:13Z] DRY-RUN: skipping sysop user seeding check
[2026-02-27T03:21:13Z] DRY-RUN: would start compose services
[2026-02-27T03:21:13Z] DRY-RUN: skip runtime checks.
[2026-02-27T03:25:01Z] Detected platform: os=macos distro=macos like=n/a arch=arm64 pkg=brew
[2026-02-27T03:25:01Z] DRY-RUN: skip disk-space check
[2026-02-27T03:25:01Z] DRY-RUN: skip Docker install checks
[2026-02-27T03:25:01Z] DRY-RUN: would verify tcp port 2222 is free
[2026-02-27T03:25:01Z] DRY-RUN: would verify tcp port 8080 is free
[2026-02-27T03:25:01Z] DRY-RUN: would verify tcp port 6667 is free
[2026-02-27T03:25:01Z] DRY-RUN: would verify tcp port 8091 is free
[2026-02-27T03:25:01Z] DRY-RUN: create directory /Users/seanheiney/.local/share/wolfbbs
[2026-02-27T03:25:01Z] DRY-RUN: would write /Users/seanheiney/.local/share/wolfbbs/.env
[2026-02-27T03:25:01Z] DRY-RUN: skipping sysop user seeding check
[2026-02-27T03:25:01Z] DRY-RUN: would start compose services
[2026-02-27T03:25:01Z] DRY-RUN: skip runtime checks.
[2026-02-27T03:25:01Z] Detected platform: os=macos distro=macos like=n/a arch=arm64 pkg=brew
[2026-02-27T03:25:01Z] DRY-RUN: skip disk-space check
[2026-02-27T03:25:01Z] DRY-RUN: skip Docker install checks
[2026-02-27T03:25:01Z] Detected platform: os=macos distro=macos like=n/a arch=arm64 pkg=brew
[2026-02-27T03:25:01Z] DRY-RUN: skip disk-space check
[2026-02-27T03:25:01Z] DRY-RUN: skip Docker install checks
[2026-02-27T03:25:01Z] DRY-RUN: would verify tcp port 2222 is free
[2026-02-27T03:25:01Z] DRY-RUN: would verify tcp port 8080 is free
[2026-02-27T03:25:01Z] DRY-RUN: would verify tcp port 6667 is free
[2026-02-27T03:25:01Z] DRY-RUN: would verify tcp port 8091 is free
[2026-02-27T03:25:01Z] DRY-RUN: create directory /Users/seanheiney/.local/share/wolfbbs
[2026-02-27T03:25:01Z] DRY-RUN: would write /Users/seanheiney/.local/share/wolfbbs/.env
[2026-02-27T03:25:01Z] DRY-RUN: skipping sysop user seeding check
[2026-02-27T03:25:01Z] DRY-RUN: would start compose services
[2026-02-27T03:25:01Z] DRY-RUN: skip runtime checks.
[2026-02-27T03:25:01Z] Detected platform: os=macos distro=macos like=n/a arch=arm64 pkg=brew
[2026-02-27T03:25:01Z] DRY-RUN: skip disk-space check
[2026-02-27T03:25:01Z] DRY-RUN: skip Docker install checks
[2026-02-27T03:25:01Z] DRY-RUN: would verify tcp port 2222 is free
[2026-02-27T03:25:01Z] DRY-RUN: would verify tcp port 8080 is free
[2026-02-27T03:25:01Z] DRY-RUN: would verify tcp port 6667 is free
[2026-02-27T03:25:01Z] DRY-RUN: would verify tcp port 8091 is free
[2026-02-27T03:25:01Z] DRY-RUN: create directory /Users/seanheiney/.local/share/wolfbbs
[2026-02-27T03:25:01Z] DRY-RUN: would write /Users/seanheiney/.local/share/wolfbbs/.env
[2026-02-27T03:25:01Z] DRY-RUN: skipping sysop user seeding check
[2026-02-27T03:25:01Z] DRY-RUN: would start compose services
[2026-02-27T03:25:01Z] DRY-RUN: skip runtime checks.
[2026-02-27T03:25:35Z] Detected platform: os=macos distro=macos like=n/a arch=arm64 pkg=brew
[2026-02-27T03:25:35Z] DRY-RUN: skip disk-space check
[2026-02-27T03:25:35Z] DRY-RUN: skip Docker install checks
[2026-02-27T03:25:35Z] DRY-RUN: would verify tcp port 2222 is free
[2026-02-27T03:25:35Z] DRY-RUN: would verify tcp port 8080 is free
[2026-02-27T03:25:35Z] DRY-RUN: would verify tcp port 6667 is free
[2026-02-27T03:25:35Z] DRY-RUN: would verify tcp port 8091 is free
[2026-02-27T03:25:35Z] DRY-RUN: create directory /Users/seanheiney/.local/share/wolfbbs
[2026-02-27T03:25:35Z] DRY-RUN: would write /Users/seanheiney/.local/share/wolfbbs/.env
[2026-02-27T03:25:35Z] DRY-RUN: skipping sysop user seeding check
[2026-02-27T03:25:35Z] DRY-RUN: would start compose services
[2026-02-27T03:25:35Z] DRY-RUN: skip runtime checks.
[2026-02-27T03:25:35Z] Detected platform: os=macos distro=macos like=n/a arch=arm64 pkg=brew
[2026-02-27T03:25:35Z] DRY-RUN: skip disk-space check
[2026-02-27T03:25:35Z] DRY-RUN: skip Docker install checks
[2026-02-27T03:25:35Z] Detected platform: os=macos distro=macos like=n/a arch=arm64 pkg=brew
[2026-02-27T03:25:35Z] DRY-RUN: skip disk-space check
[2026-02-27T03:25:35Z] DRY-RUN: skip Docker install checks
[2026-02-27T03:25:35Z] DRY-RUN: would verify tcp port 2222 is free
[2026-02-27T03:25:35Z] DRY-RUN: would verify tcp port 8080 is free
[2026-02-27T03:25:35Z] DRY-RUN: would verify tcp port 6667 is free
[2026-02-27T03:25:35Z] DRY-RUN: would verify tcp port 8091 is free
[2026-02-27T03:25:35Z] DRY-RUN: create directory /Users/seanheiney/.local/share/wolfbbs
[2026-02-27T03:25:35Z] DRY-RUN: would write /Users/seanheiney/.local/share/wolfbbs/.env
[2026-02-27T03:25:35Z] DRY-RUN: skipping sysop user seeding check
[2026-02-27T03:25:35Z] DRY-RUN: would start compose services
[2026-02-27T03:25:35Z] DRY-RUN: skip runtime checks.
[2026-02-27T03:25:35Z] Detected platform: os=macos distro=macos like=n/a arch=arm64 pkg=brew
[2026-02-27T03:25:35Z] DRY-RUN: skip disk-space check
[2026-02-27T03:25:35Z] DRY-RUN: skip Docker install checks
[2026-02-27T03:25:35Z] DRY-RUN: would verify tcp port 2222 is free
[2026-02-27T03:25:35Z] DRY-RUN: would verify tcp port 8080 is free
[2026-02-27T03:25:35Z] DRY-RUN: would verify tcp port 6667 is free
[2026-02-27T03:25:35Z] DRY-RUN: would verify tcp port 8091 is free
[2026-02-27T03:25:35Z] DRY-RUN: create directory /Users/seanheiney/.local/share/wolfbbs
[2026-02-27T03:25:35Z] DRY-RUN: would write /Users/seanheiney/.local/share/wolfbbs/.env
[2026-02-27T03:25:35Z] DRY-RUN: skipping sysop user seeding check
[2026-02-27T03:25:35Z] DRY-RUN: would start compose services
[2026-02-27T03:25:35Z] DRY-RUN: skip runtime checks.
[2026-02-27T03:32:56Z] Detected platform: os=macos distro=macos like=n/a arch=arm64 pkg=brew
[2026-02-27T03:32:56Z] DRY-RUN: skip disk-space check
[2026-02-27T03:32:56Z] DRY-RUN: skip Docker install checks
[2026-02-27T03:32:56Z] DRY-RUN: would verify tcp port 2222 is free
[2026-02-27T03:32:56Z] DRY-RUN: would verify tcp port 8080 is free
[2026-02-27T03:32:56Z] DRY-RUN: would verify tcp port 6667 is free
[2026-02-27T03:32:56Z] DRY-RUN: would verify tcp port 8091 is free
[2026-02-27T03:32:56Z] DRY-RUN: create directory /Users/seanheiney/.local/share/wolfbbs
[2026-02-27T03:32:56Z] DRY-RUN: would write /Users/seanheiney/.local/share/wolfbbs/.env
[2026-02-27T03:32:56Z] DRY-RUN: skipping sysop user seeding check
[2026-02-27T03:32:56Z] DRY-RUN: would start compose services
[2026-02-27T03:32:56Z] DRY-RUN: skip runtime checks.
[2026-02-27T03:32:56Z] Detected platform: os=macos distro=macos like=n/a arch=arm64 pkg=brew
[2026-02-27T03:32:56Z] DRY-RUN: skip disk-space check
[2026-02-27T03:32:56Z] DRY-RUN: skip Docker install checks
[2026-02-27T03:32:56Z] Detected platform: os=macos distro=macos like=n/a arch=arm64 pkg=brew
[2026-02-27T03:32:56Z] DRY-RUN: skip disk-space check
[2026-02-27T03:32:56Z] DRY-RUN: skip Docker install checks
[2026-02-27T03:32:56Z] DRY-RUN: would verify tcp port 2222 is free
[2026-02-27T03:32:56Z] DRY-RUN: would verify tcp port 8080 is free
[2026-02-27T03:32:56Z] DRY-RUN: would verify tcp port 6667 is free
[2026-02-27T03:32:56Z] DRY-RUN: would verify tcp port 8091 is free
[2026-02-27T03:32:56Z] DRY-RUN: create directory /Users/seanheiney/.local/share/wolfbbs
[2026-02-27T03:32:56Z] DRY-RUN: would write /Users/seanheiney/.local/share/wolfbbs/.env
[2026-02-27T03:32:56Z] DRY-RUN: skipping sysop user seeding check
[2026-02-27T03:32:56Z] DRY-RUN: would start compose services
[2026-02-27T03:32:56Z] DRY-RUN: skip runtime checks.
[2026-02-27T03:32:56Z] Detected platform: os=macos distro=macos like=n/a arch=arm64 pkg=brew
[2026-02-27T03:32:56Z] DRY-RUN: skip disk-space check
[2026-02-27T03:32:56Z] DRY-RUN: skip Docker install checks
[2026-02-27T03:32:56Z] DRY-RUN: would verify tcp port 2222 is free
[2026-02-27T03:32:56Z] DRY-RUN: would verify tcp port 8080 is free
[2026-02-27T03:32:56Z] DRY-RUN: would verify tcp port 6667 is free
[2026-02-27T03:32:56Z] DRY-RUN: would verify tcp port 8091 is free
[2026-02-27T03:32:56Z] DRY-RUN: create directory /Users/seanheiney/.local/share/wolfbbs
[2026-02-27T03:32:56Z] DRY-RUN: would write /Users/seanheiney/.local/share/wolfbbs/.env
[2026-02-27T03:32:56Z] DRY-RUN: skipping sysop user seeding check
[2026-02-27T03:32:56Z] DRY-RUN: would start compose services
[2026-02-27T03:32:56Z] DRY-RUN: skip runtime checks.
[2026-02-27T03:34:22Z] Detected platform: os=macos distro=macos like=n/a arch=arm64 pkg=brew
[2026-02-27T03:34:22Z] DRY-RUN: skip disk-space check
[2026-02-27T03:34:22Z] DRY-RUN: skip Docker install checks
[2026-02-27T03:34:22Z] DRY-RUN: would verify tcp port 2222 is free
[2026-02-27T03:34:22Z] DRY-RUN: would verify tcp port 8080 is free
[2026-02-27T03:34:22Z] DRY-RUN: would verify tcp port 6667 is free
[2026-02-27T03:34:22Z] DRY-RUN: would verify tcp port 8091 is free
[2026-02-27T03:34:22Z] DRY-RUN: create directory /Users/seanheiney/.local/share/wolfbbs
[2026-02-27T03:34:23Z] DRY-RUN: would write /Users/seanheiney/.local/share/wolfbbs/.env
[2026-02-27T03:34:23Z] DRY-RUN: skipping sysop user seeding check
[2026-02-27T03:34:23Z] DRY-RUN: would start compose services
[2026-02-27T03:34:23Z] DRY-RUN: skip runtime checks.
[2026-02-27T03:34:23Z] Detected platform: os=macos distro=macos like=n/a arch=arm64 pkg=brew
[2026-02-27T03:34:23Z] DRY-RUN: skip disk-space check
[2026-02-27T03:34:23Z] DRY-RUN: skip Docker install checks
[2026-02-27T03:34:23Z] Detected platform: os=macos distro=macos like=n/a arch=arm64 pkg=brew
[2026-02-27T03:34:23Z] DRY-RUN: skip disk-space check
[2026-02-27T03:34:23Z] DRY-RUN: skip Docker install checks
[2026-02-27T03:34:23Z] DRY-RUN: would verify tcp port 2222 is free
[2026-02-27T03:34:23Z] DRY-RUN: would verify tcp port 8080 is free
[2026-02-27T03:34:23Z] DRY-RUN: would verify tcp port 6667 is free
[2026-02-27T03:34:23Z] DRY-RUN: would verify tcp port 8091 is free
[2026-02-27T03:34:23Z] DRY-RUN: create directory /Users/seanheiney/.local/share/wolfbbs
[2026-02-27T03:34:23Z] DRY-RUN: would write /Users/seanheiney/.local/share/wolfbbs/.env
[2026-02-27T03:34:23Z] DRY-RUN: skipping sysop user seeding check
[2026-02-27T03:34:23Z] DRY-RUN: would start compose services
[2026-02-27T03:34:23Z] DRY-RUN: skip runtime checks.
[2026-02-27T03:34:23Z] Detected platform: os=macos distro=macos like=n/a arch=arm64 pkg=brew
[2026-02-27T03:34:23Z] DRY-RUN: skip disk-space check
[2026-02-27T03:34:23Z] DRY-RUN: skip Docker install checks
[2026-02-27T03:34:23Z] DRY-RUN: would verify tcp port 2222 is free
[2026-02-27T03:34:23Z] DRY-RUN: would verify tcp port 8080 is free
[2026-02-27T03:34:23Z] DRY-RUN: would verify tcp port 6667 is free
[2026-02-27T03:34:23Z] DRY-RUN: would verify tcp port 8091 is free
[2026-02-27T03:34:23Z] DRY-RUN: create directory /Users/seanheiney/.local/share/wolfbbs
[2026-02-27T03:34:23Z] DRY-RUN: would write /Users/seanheiney/.local/share/wolfbbs/.env
[2026-02-27T03:34:23Z] DRY-RUN: skipping sysop user seeding check
[2026-02-27T03:34:23Z] DRY-RUN: would start compose services
[2026-02-27T03:34:23Z] DRY-RUN: skip runtime checks.
[2026-02-27T03:42:33Z] Detected platform: os=macos distro=macos like=n/a arch=arm64 pkg=brew
[2026-02-27T03:42:33Z] DRY-RUN: skip disk-space check
[2026-02-27T03:42:33Z] DRY-RUN: skip Docker install checks
[2026-02-27T03:42:33Z] DRY-RUN: would verify tcp port 2222 is free
[2026-02-27T03:42:33Z] DRY-RUN: would verify tcp port 8080 is free
[2026-02-27T03:42:33Z] DRY-RUN: would verify tcp port 6667 is free
[2026-02-27T03:42:33Z] DRY-RUN: would verify tcp port 8091 is free
[2026-02-27T03:42:33Z] DRY-RUN: create directory /Users/seanheiney/.local/share/wolfbbs
[2026-02-27T03:42:33Z] DRY-RUN: would write /Users/seanheiney/.local/share/wolfbbs/.env
[2026-02-27T03:42:33Z] DRY-RUN: skipping sysop user seeding check
[2026-02-27T03:42:33Z] DRY-RUN: would start compose services
[2026-02-27T03:42:33Z] DRY-RUN: skip runtime checks.
[2026-02-27T03:42:33Z] Detected platform: os=macos distro=macos like=n/a arch=arm64 pkg=brew
[2026-02-27T03:42:33Z] DRY-RUN: skip disk-space check
[2026-02-27T03:42:33Z] DRY-RUN: skip Docker install checks
[2026-02-27T03:42:33Z] Detected platform: os=macos distro=macos like=n/a arch=arm64 pkg=brew
[2026-02-27T03:42:33Z] DRY-RUN: skip disk-space check
[2026-02-27T03:42:33Z] DRY-RUN: skip Docker install checks
[2026-02-27T03:42:33Z] DRY-RUN: would verify tcp port 2222 is free
[2026-02-27T03:42:33Z] DRY-RUN: would verify tcp port 8080 is free
[2026-02-27T03:42:33Z] DRY-RUN: would verify tcp port 6667 is free
[2026-02-27T03:42:33Z] DRY-RUN: would verify tcp port 8091 is free
[2026-02-27T03:42:33Z] DRY-RUN: create directory /Users/seanheiney/.local/share/wolfbbs
[2026-02-27T03:42:33Z] DRY-RUN: would write /Users/seanheiney/.local/share/wolfbbs/.env
[2026-02-27T03:42:33Z] DRY-RUN: skipping sysop user seeding check
[2026-02-27T03:42:33Z] DRY-RUN: would start compose services
[2026-02-27T03:42:33Z] DRY-RUN: skip runtime checks.
[2026-02-27T03:42:33Z] Detected platform: os=macos distro=macos like=n/a arch=arm64 pkg=brew
[2026-02-27T03:42:33Z] DRY-RUN: skip disk-space check
[2026-02-27T03:42:33Z] DRY-RUN: skip Docker install checks
[2026-02-27T03:42:33Z] DRY-RUN: would verify tcp port 2222 is free
[2026-02-27T03:42:33Z] DRY-RUN: would verify tcp port 8080 is free
[2026-02-27T03:42:33Z] DRY-RUN: would verify tcp port 6667 is free
[2026-02-27T03:42:33Z] DRY-RUN: would verify tcp port 8091 is free
[2026-02-27T03:42:33Z] DRY-RUN: create directory /Users/seanheiney/.local/share/wolfbbs
[2026-02-27T03:42:33Z] DRY-RUN: would write /Users/seanheiney/.local/share/wolfbbs/.env
[2026-02-27T03:42:33Z] DRY-RUN: skipping sysop user seeding check
[2026-02-27T03:42:33Z] DRY-RUN: would start compose services
[2026-02-27T03:42:33Z] DRY-RUN: skip runtime checks.
[2026-02-27T03:44:46Z] Detected platform: os=macos distro=macos like=n/a arch=arm64 pkg=brew
[2026-02-27T03:44:46Z] DRY-RUN: skip disk-space check
[2026-02-27T03:44:46Z] DRY-RUN: skip Docker install checks
[2026-02-27T03:44:46Z] DRY-RUN: would verify tcp port 2222 is free
[2026-02-27T03:44:46Z] DRY-RUN: would verify tcp port 8080 is free
[2026-02-27T03:44:46Z] DRY-RUN: would verify tcp port 6667 is free
[2026-02-27T03:44:46Z] DRY-RUN: would verify tcp port 8091 is free
[2026-02-27T03:44:46Z] DRY-RUN: create directory /Users/seanheiney/.local/share/wolfbbs
[2026-02-27T03:44:47Z] DRY-RUN: would write /Users/seanheiney/.local/share/wolfbbs/.env
[2026-02-27T03:44:47Z] DRY-RUN: skipping sysop user seeding check
[2026-02-27T03:44:47Z] DRY-RUN: would start compose services
[2026-02-27T03:44:47Z] DRY-RUN: skip runtime checks.
[2026-02-27T03:44:47Z] Detected platform: os=macos distro=macos like=n/a arch=arm64 pkg=brew
[2026-02-27T03:44:47Z] DRY-RUN: skip disk-space check
[2026-02-27T03:44:47Z] DRY-RUN: skip Docker install checks
[2026-02-27T03:44:47Z] Detected platform: os=macos distro=macos like=n/a arch=arm64 pkg=brew
[2026-02-27T03:44:47Z] DRY-RUN: skip disk-space check
[2026-02-27T03:44:47Z] DRY-RUN: skip Docker install checks
[2026-02-27T03:44:47Z] DRY-RUN: would verify tcp port 2222 is free
[2026-02-27T03:44:47Z] DRY-RUN: would verify tcp port 8080 is free
[2026-02-27T03:44:47Z] DRY-RUN: would verify tcp port 6667 is free
[2026-02-27T03:44:47Z] DRY-RUN: would verify tcp port 8091 is free
[2026-02-27T03:44:47Z] DRY-RUN: create directory /Users/seanheiney/.local/share/wolfbbs
[2026-02-27T03:44:47Z] DRY-RUN: would write /Users/seanheiney/.local/share/wolfbbs/.env
[2026-02-27T03:44:47Z] DRY-RUN: skipping sysop user seeding check
[2026-02-27T03:44:47Z] DRY-RUN: would start compose services
[2026-02-27T03:44:47Z] DRY-RUN: skip runtime checks.
[2026-02-27T03:44:47Z] Detected platform: os=macos distro=macos like=n/a arch=arm64 pkg=brew
[2026-02-27T03:44:47Z] DRY-RUN: skip disk-space check
[2026-02-27T03:44:47Z] DRY-RUN: skip Docker install checks
[2026-02-27T03:44:47Z] DRY-RUN: would verify tcp port 2222 is free
[2026-02-27T03:44:47Z] DRY-RUN: would verify tcp port 8080 is free
[2026-02-27T03:44:47Z] DRY-RUN: would verify tcp port 6667 is free
[2026-02-27T03:44:47Z] DRY-RUN: would verify tcp port 8091 is free
[2026-02-27T03:44:47Z] DRY-RUN: create directory /Users/seanheiney/.local/share/wolfbbs
[2026-02-27T03:44:47Z] DRY-RUN: would write /Users/seanheiney/.local/share/wolfbbs/.env
[2026-02-27T03:44:47Z] DRY-RUN: skipping sysop user seeding check
[2026-02-27T03:44:47Z] DRY-RUN: would start compose services
[2026-02-27T03:44:47Z] DRY-RUN: skip runtime checks.
[2026-02-27T03:45:43Z] Detected platform: os=macos distro=macos like=n/a arch=arm64 pkg=brew
[2026-02-27T03:45:43Z] DRY-RUN: skip disk-space check
[2026-02-27T03:45:43Z] DRY-RUN: skip Docker install checks
[2026-02-27T03:45:43Z] DRY-RUN: would verify tcp port 2222 is free
[2026-02-27T03:45:43Z] DRY-RUN: would verify tcp port 8080 is free
[2026-02-27T03:45:43Z] DRY-RUN: would verify tcp port 6667 is free
[2026-02-27T03:45:43Z] DRY-RUN: would verify tcp port 8091 is free
[2026-02-27T03:45:43Z] DRY-RUN: create directory /Users/seanheiney/.local/share/wolfbbs
[2026-02-27T03:45:43Z] DRY-RUN: would write /Users/seanheiney/.local/share/wolfbbs/.env
[2026-02-27T03:45:43Z] DRY-RUN: skipping sysop user seeding check
[2026-02-27T03:45:43Z] DRY-RUN: would start compose services
[2026-02-27T03:45:43Z] DRY-RUN: skip runtime checks.
[2026-02-27T03:45:43Z] Detected platform: os=macos distro=macos like=n/a arch=arm64 pkg=brew
[2026-02-27T03:45:43Z] DRY-RUN: skip disk-space check
[2026-02-27T03:45:43Z] DRY-RUN: skip Docker install checks
[2026-02-27T03:45:43Z] DRY-RUN: would verify tcp port 2222 is free
[2026-02-27T03:45:43Z] DRY-RUN: would verify tcp port 8080 is free
[2026-02-27T03:45:43Z] DRY-RUN: would verify tcp port 6667 is free
[2026-02-27T03:45:43Z] DRY-RUN: would verify tcp port 8091 is free
[2026-02-27T03:45:43Z] DRY-RUN: create directory /Users/seanheiney/.local/share/wolfbbs
[2026-02-27T03:45:43Z] DRY-RUN: would write /Users/seanheiney/.local/share/wolfbbs/.env
[2026-02-27T03:45:43Z] DRY-RUN: skipping sysop user seeding check
[2026-02-27T03:45:43Z] DRY-RUN: would start compose services
[2026-02-27T03:45:43Z] DRY-RUN: skip runtime checks.
[2026-02-27T03:45:43Z] Detected platform: os=macos distro=macos like=n/a arch=arm64 pkg=brew
[2026-02-27T03:45:43Z] DRY-RUN: skip disk-space check
[2026-02-27T03:45:43Z] DRY-RUN: skip Docker install checks
[2026-02-27T03:45:43Z] Detected platform: os=macos distro=macos like=n/a arch=arm64 pkg=brew
[2026-02-27T03:45:43Z] DRY-RUN: skip disk-space check
[2026-02-27T03:45:43Z] DRY-RUN: skip Docker install checks
[2026-02-27T03:45:43Z] DRY-RUN: would verify tcp port 2222 is free
[2026-02-27T03:45:43Z] DRY-RUN: would verify tcp port 8080 is free
[2026-02-27T03:45:43Z] DRY-RUN: would verify tcp port 6667 is free
[2026-02-27T03:45:43Z] DRY-RUN: would verify tcp port 8091 is free
[2026-02-27T03:45:43Z] DRY-RUN: create directory /Users/seanheiney/.local/share/wolfbbs
[2026-02-27T03:45:43Z] DRY-RUN: would write /Users/seanheiney/.local/share/wolfbbs/.env
[2026-02-27T03:45:43Z] DRY-RUN: skipping sysop user seeding check
[2026-02-27T03:45:43Z] DRY-RUN: would start compose services
[2026-02-27T03:45:43Z] DRY-RUN: skip runtime checks.
[2026-02-27T03:45:44Z] Detected platform: os=macos distro=macos like=n/a arch=arm64 pkg=brew
[2026-02-27T03:45:44Z] DRY-RUN: skip disk-space check
[2026-02-27T03:45:44Z] DRY-RUN: skip Docker install checks
[2026-02-27T03:45:44Z] DRY-RUN: would verify tcp port 2222 is free
[2026-02-27T03:45:44Z] DRY-RUN: would verify tcp port 8080 is free
[2026-02-27T03:45:44Z] DRY-RUN: would verify tcp port 6667 is free
[2026-02-27T03:45:44Z] DRY-RUN: would verify tcp port 8091 is free
[2026-02-27T03:45:44Z] DRY-RUN: create directory /Users/seanheiney/.local/share/wolfbbs
[2026-02-27T03:45:44Z] DRY-RUN: would write /Users/seanheiney/.local/share/wolfbbs/.env
[2026-02-27T03:45:44Z] DRY-RUN: skipping sysop user seeding check
[2026-02-27T03:45:44Z] DRY-RUN: would start compose services
[2026-02-27T03:45:44Z] DRY-RUN: skip runtime checks.
[2026-02-27T03:46:48Z] Detected platform: os=macos distro=macos like=n/a arch=arm64 pkg=brew
[2026-02-27T03:46:48Z] DRY-RUN: skip disk-space check
[2026-02-27T03:46:48Z] DRY-RUN: skip Docker install checks
[2026-02-27T03:46:48Z] DRY-RUN: would verify tcp port 2222 is free
[2026-02-27T03:46:48Z] DRY-RUN: would verify tcp port 8080 is free
[2026-02-27T03:46:48Z] DRY-RUN: would verify tcp port 6667 is free
[2026-02-27T03:46:48Z] DRY-RUN: would verify tcp port 8091 is free
[2026-02-27T03:46:48Z] DRY-RUN: create directory /Users/seanheiney/.local/share/wolfbbs
[2026-02-27T03:46:49Z] DRY-RUN: would write /Users/seanheiney/.local/share/wolfbbs/.env
[2026-02-27T03:46:49Z] DRY-RUN: skipping sysop user seeding check
[2026-02-27T03:46:49Z] DRY-RUN: would start compose services
[2026-02-27T03:46:49Z] DRY-RUN: skip runtime checks.
[2026-02-27T03:46:49Z] Detected platform: os=macos distro=macos like=n/a arch=arm64 pkg=brew
[2026-02-27T03:46:49Z] DRY-RUN: skip disk-space check
[2026-02-27T03:46:49Z] DRY-RUN: skip Docker install checks
[2026-02-27T03:46:49Z] Detected platform: os=macos distro=macos like=n/a arch=arm64 pkg=brew
[2026-02-27T03:46:49Z] DRY-RUN: skip disk-space check
[2026-02-27T03:46:49Z] DRY-RUN: skip Docker install checks
[2026-02-27T03:46:49Z] DRY-RUN: would verify tcp port 2222 is free
[2026-02-27T03:46:49Z] DRY-RUN: would verify tcp port 8080 is free
[2026-02-27T03:46:49Z] DRY-RUN: would verify tcp port 6667 is free
[2026-02-27T03:46:49Z] DRY-RUN: would verify tcp port 8091 is free
[2026-02-27T03:46:49Z] DRY-RUN: create directory /Users/seanheiney/.local/share/wolfbbs
[2026-02-27T03:46:49Z] DRY-RUN: would write /Users/seanheiney/.local/share/wolfbbs/.env
[2026-02-27T03:46:49Z] DRY-RUN: skipping sysop user seeding check
[2026-02-27T03:46:49Z] DRY-RUN: would start compose services
[2026-02-27T03:46:49Z] DRY-RUN: skip runtime checks.
[2026-02-27T03:46:49Z] Detected platform: os=macos distro=macos like=n/a arch=arm64 pkg=brew
[2026-02-27T03:46:49Z] DRY-RUN: skip disk-space check
[2026-02-27T03:46:49Z] DRY-RUN: skip Docker install checks
[2026-02-27T03:46:49Z] DRY-RUN: would verify tcp port 2222 is free
[2026-02-27T03:46:49Z] DRY-RUN: would verify tcp port 8080 is free
[2026-02-27T03:46:49Z] DRY-RUN: would verify tcp port 6667 is free
[2026-02-27T03:46:49Z] DRY-RUN: would verify tcp port 8091 is free
[2026-02-27T03:46:49Z] DRY-RUN: create directory /Users/seanheiney/.local/share/wolfbbs
[2026-02-27T03:46:49Z] DRY-RUN: would write /Users/seanheiney/.local/share/wolfbbs/.env
[2026-02-27T03:46:49Z] DRY-RUN: skipping sysop user seeding check
[2026-02-27T03:46:49Z] DRY-RUN: would start compose services
[2026-02-27T03:46:49Z] DRY-RUN: skip runtime checks.
[2026-02-27T04:15:23Z] Detected platform: os=macos distro=macos like=n/a arch=arm64 pkg=brew
[2026-02-27T04:15:23Z] DRY-RUN: skip disk-space check
[2026-02-27T04:15:23Z] DRY-RUN: skip Docker install checks
[2026-02-27T04:15:23Z] DRY-RUN: would verify tcp port 2222 is free
[2026-02-27T04:15:23Z] DRY-RUN: would verify tcp port 8080 is free
[2026-02-27T04:15:23Z] DRY-RUN: would verify tcp port 6667 is free
[2026-02-27T04:15:23Z] DRY-RUN: would verify tcp port 8091 is free
[2026-02-27T04:15:23Z] DRY-RUN: create directory /var/folders/vn/wf2fpymn2gbd03jlf5_6h70h0000gn/T/tmp.nAKnCOYsT6/wolfbbs
[2026-02-27T04:15:23Z] DRY-RUN: would write /var/folders/vn/wf2fpymn2gbd03jlf5_6h70h0000gn/T/tmp.nAKnCOYsT6/wolfbbs/.env
[2026-02-27T04:15:23Z] DRY-RUN: skipping sysop user seeding check
[2026-02-27T04:15:23Z] DRY-RUN: would start compose services
[2026-02-27T04:15:23Z] DRY-RUN: skip runtime checks.
[2026-02-27T04:19:59Z] Detected platform: os=macos distro=macos like=n/a arch=arm64 pkg=brew
[2026-02-27T04:20:01Z] DRY-RUN: skip disk-space check
[2026-02-27T04:20:01Z] DRY-RUN: skip Docker install checks
[2026-02-27T04:20:01Z] DRY-RUN: would verify tcp port 2222 is free
[2026-02-27T04:20:01Z] DRY-RUN: would verify tcp port 8080 is free
[2026-02-27T04:20:01Z] DRY-RUN: would verify tcp port 6667 is free
[2026-02-27T04:20:01Z] DRY-RUN: would verify tcp port 8091 is free
[2026-02-27T04:20:01Z] DRY-RUN: create directory /Users/seanheiney/.local/share/wolfbbs
[2026-02-27T04:20:02Z] DRY-RUN: would write /Users/seanheiney/.local/share/wolfbbs/.env
[2026-02-27T04:20:02Z] DRY-RUN: skipping sysop user seeding check
[2026-02-27T04:20:02Z] DRY-RUN: would start compose services
[2026-02-27T04:20:02Z] DRY-RUN: skip runtime checks.
[2026-02-27T04:20:28Z] Detected platform: os=macos distro=macos like=n/a arch=arm64 pkg=brew
[2026-02-27T04:20:28Z] DRY-RUN: skip disk-space check
[2026-02-27T04:20:28Z] DRY-RUN: skip Docker install checks
[2026-02-27T04:20:28Z] DRY-RUN: would verify tcp port 2222 is free
[2026-02-27T04:20:28Z] DRY-RUN: would verify tcp port 8080 is free
[2026-02-27T04:20:28Z] DRY-RUN: would verify tcp port 6667 is free
[2026-02-27T04:20:28Z] DRY-RUN: would verify tcp port 8091 is free
[2026-02-27T04:20:28Z] DRY-RUN: create directory /Users/seanheiney/.local/share/wolfbbs
[2026-02-27T04:20:28Z] DRY-RUN: would write /Users/seanheiney/.local/share/wolfbbs/.env
[2026-02-27T04:20:28Z] DRY-RUN: skipping sysop user seeding check
[2026-02-27T04:20:28Z] DRY-RUN: would start compose services
[2026-02-27T04:20:28Z] DRY-RUN: skip runtime checks.
[2026-02-27T04:20:28Z] Detected platform: os=macos distro=macos like=n/a arch=arm64 pkg=brew
[2026-02-27T04:20:28Z] DRY-RUN: skip disk-space check
[2026-02-27T04:20:28Z] DRY-RUN: skip Docker install checks
[2026-02-27T04:20:28Z] Detected platform: os=macos distro=macos like=n/a arch=arm64 pkg=brew
[2026-02-27T04:20:28Z] DRY-RUN: skip disk-space check
[2026-02-27T04:20:28Z] DRY-RUN: skip Docker install checks
[2026-02-27T04:20:28Z] DRY-RUN: would verify tcp port 2222 is free
[2026-02-27T04:20:28Z] DRY-RUN: would verify tcp port 8080 is free
[2026-02-27T04:20:28Z] DRY-RUN: would verify tcp port 6667 is free
[2026-02-27T04:20:28Z] DRY-RUN: would verify tcp port 8091 is free
[2026-02-27T04:20:28Z] DRY-RUN: create directory /Users/seanheiney/.local/share/wolfbbs
[2026-02-27T04:20:28Z] DRY-RUN: would write /Users/seanheiney/.local/share/wolfbbs/.env
[2026-02-27T04:20:28Z] DRY-RUN: skipping sysop user seeding check
[2026-02-27T04:20:28Z] DRY-RUN: would start compose services
[2026-02-27T04:20:28Z] DRY-RUN: skip runtime checks.
[2026-02-27T04:20:28Z] Detected platform: os=macos distro=macos like=n/a arch=arm64 pkg=brew
[2026-02-27T04:20:28Z] DRY-RUN: skip disk-space check
[2026-02-27T04:20:28Z] DRY-RUN: skip Docker install checks
[2026-02-27T04:20:28Z] DRY-RUN: would verify tcp port 2222 is free
[2026-02-27T04:20:28Z] DRY-RUN: would verify tcp port 8080 is free
[2026-02-27T04:20:28Z] DRY-RUN: would verify tcp port 6667 is free
[2026-02-27T04:20:28Z] DRY-RUN: would verify tcp port 8091 is free
[2026-02-27T04:20:28Z] DRY-RUN: create directory /Users/seanheiney/.local/share/wolfbbs
[2026-02-27T04:20:28Z] DRY-RUN: would write /Users/seanheiney/.local/share/wolfbbs/.env
[2026-02-27T04:20:28Z] DRY-RUN: skipping sysop user seeding check
[2026-02-27T04:20:28Z] DRY-RUN: would start compose services
[2026-02-27T04:20:28Z] DRY-RUN: skip runtime checks.
[2026-02-27T04:20:52Z] Detected platform: os=macos distro=macos like=n/a arch=arm64 pkg=brew
[2026-02-27T04:20:52Z] DRY-RUN: skip disk-space check
[2026-02-27T04:20:52Z] DRY-RUN: skip Docker install checks
[2026-02-27T04:20:52Z] DRY-RUN: would verify tcp port 2222 is free
[2026-02-27T04:20:52Z] DRY-RUN: would verify tcp port 8080 is free
[2026-02-27T04:20:52Z] DRY-RUN: would verify tcp port 6667 is free
[2026-02-27T04:20:52Z] DRY-RUN: would verify tcp port 8091 is free
[2026-02-27T04:20:52Z] DRY-RUN: create directory /tmp/wolfbbs-dryrun-test
[2026-02-27T04:20:52Z] DRY-RUN: would write /tmp/wolfbbs-dryrun-test/.env
[2026-02-27T04:20:52Z] DRY-RUN: skipping sysop user seeding check
[2026-02-27T04:20:52Z] DRY-RUN: would start compose services
[2026-02-27T04:20:52Z] DRY-RUN: skip runtime checks.
[2026-02-27T04:20:56Z] Detected platform: os=macos distro=macos like=n/a arch=arm64 pkg=brew
[2026-02-27T04:20:56Z] DRY-RUN: skip disk-space check
[2026-02-27T04:20:56Z] DRY-RUN: skip Docker install checks
[2026-02-27T04:20:56Z] DRY-RUN: would verify tcp port 2222 is free
[2026-02-27T04:20:56Z] DRY-RUN: would verify tcp port 8080 is free
[2026-02-27T04:20:56Z] DRY-RUN: would verify tcp port 6667 is free
[2026-02-27T04:20:56Z] DRY-RUN: would verify tcp port 8091 is free
[2026-02-27T04:20:56Z] DRY-RUN: create directory /Users/seanheiney/.local/share/wolfbbs
[2026-02-27T04:20:56Z] DRY-RUN: would write /Users/seanheiney/.local/share/wolfbbs/.env
[2026-02-27T04:20:56Z] DRY-RUN: skipping sysop user seeding check
[2026-02-27T04:20:56Z] DRY-RUN: would start compose services
[2026-02-27T04:20:56Z] DRY-RUN: skip runtime checks.
[2026-02-27T04:20:56Z] Detected platform: os=macos distro=macos like=n/a arch=arm64 pkg=brew
[2026-02-27T04:20:56Z] DRY-RUN: skip disk-space check
[2026-02-27T04:20:56Z] DRY-RUN: skip Docker install checks
[2026-02-27T04:20:56Z] Detected platform: os=macos distro=macos like=n/a arch=arm64 pkg=brew
[2026-02-27T04:20:56Z] DRY-RUN: skip disk-space check
[2026-02-27T04:20:56Z] DRY-RUN: skip Docker install checks
[2026-02-27T04:20:56Z] DRY-RUN: would verify tcp port 2222 is free
[2026-02-27T04:20:56Z] DRY-RUN: would verify tcp port 8080 is free
[2026-02-27T04:20:56Z] DRY-RUN: would verify tcp port 6667 is free
[2026-02-27T04:20:56Z] DRY-RUN: would verify tcp port 8091 is free
[2026-02-27T04:20:56Z] DRY-RUN: create directory /Users/seanheiney/.local/share/wolfbbs
[2026-02-27T04:20:56Z] DRY-RUN: would write /Users/seanheiney/.local/share/wolfbbs/.env
[2026-02-27T04:20:56Z] DRY-RUN: skipping sysop user seeding check
[2026-02-27T04:20:56Z] DRY-RUN: would start compose services
[2026-02-27T04:20:56Z] DRY-RUN: skip runtime checks.
[2026-02-27T04:20:56Z] Detected platform: os=macos distro=macos like=n/a arch=arm64 pkg=brew
[2026-02-27T04:20:56Z] DRY-RUN: skip disk-space check
[2026-02-27T04:20:56Z] DRY-RUN: skip Docker install checks
[2026-02-27T04:20:56Z] DRY-RUN: would verify tcp port 2222 is free
[2026-02-27T04:20:56Z] DRY-RUN: would verify tcp port 8080 is free
[2026-02-27T04:20:56Z] DRY-RUN: would verify tcp port 6667 is free
[2026-02-27T04:20:56Z] DRY-RUN: would verify tcp port 8091 is free
[2026-02-27T04:20:56Z] DRY-RUN: create directory /Users/seanheiney/.local/share/wolfbbs
[2026-02-27T04:20:56Z] DRY-RUN: would write /Users/seanheiney/.local/share/wolfbbs/.env
[2026-02-27T04:20:56Z] DRY-RUN: skipping sysop user seeding check
[2026-02-27T04:20:56Z] DRY-RUN: would start compose services
[2026-02-27T04:20:56Z] DRY-RUN: skip runtime checks.
[2026-02-27T04:21:33Z] Detected platform: os=macos distro=macos like=n/a arch=arm64 pkg=brew
[2026-02-27T04:21:33Z] DRY-RUN: skip disk-space check
[2026-02-27T04:21:33Z] DRY-RUN: skip Docker install checks
[2026-02-27T04:21:33Z] DRY-RUN: would verify tcp port 2222 is free
[2026-02-27T04:21:33Z] DRY-RUN: would verify tcp port 8080 is free
[2026-02-27T04:21:33Z] DRY-RUN: would verify tcp port 6667 is free
[2026-02-27T04:21:33Z] DRY-RUN: would verify tcp port 8091 is free
[2026-02-27T04:21:33Z] DRY-RUN: create directory /tmp/wolfbbs-dryrun-test2
[2026-02-27T04:21:33Z] DRY-RUN: would write /tmp/wolfbbs-dryrun-test2/.env
[2026-02-27T04:21:33Z] DRY-RUN: skipping sysop user seeding check
[2026-02-27T04:21:33Z] DRY-RUN: would start compose services
[2026-02-27T04:21:33Z] DRY-RUN: skip runtime checks.
[2026-02-27T04:21:36Z] Detected platform: os=macos distro=macos like=n/a arch=arm64 pkg=brew
[2026-02-27T04:21:36Z] DRY-RUN: skip disk-space check
[2026-02-27T04:21:36Z] DRY-RUN: skip Docker install checks
[2026-02-27T04:21:36Z] DRY-RUN: would verify tcp port 2222 is free
[2026-02-27T04:21:36Z] DRY-RUN: would verify tcp port 8080 is free
[2026-02-27T04:21:36Z] DRY-RUN: would verify tcp port 6667 is free
[2026-02-27T04:21:36Z] DRY-RUN: would verify tcp port 8091 is free
[2026-02-27T04:21:36Z] DRY-RUN: create directory /Users/seanheiney/.local/share/wolfbbs
[2026-02-27T04:21:36Z] DRY-RUN: would write /Users/seanheiney/.local/share/wolfbbs/.env
[2026-02-27T04:21:36Z] DRY-RUN: skipping sysop user seeding check
[2026-02-27T04:21:36Z] DRY-RUN: would start compose services
[2026-02-27T04:21:36Z] DRY-RUN: skip runtime checks.
[2026-02-27T04:21:36Z] Detected platform: os=macos distro=macos like=n/a arch=arm64 pkg=brew
[2026-02-27T04:21:36Z] DRY-RUN: skip disk-space check
[2026-02-27T04:21:36Z] DRY-RUN: skip Docker install checks
[2026-02-27T04:21:36Z] Detected platform: os=macos distro=macos like=n/a arch=arm64 pkg=brew
[2026-02-27T04:21:36Z] DRY-RUN: skip disk-space check
[2026-02-27T04:21:36Z] DRY-RUN: skip Docker install checks
[2026-02-27T04:21:36Z] DRY-RUN: would verify tcp port 2222 is free
[2026-02-27T04:21:36Z] DRY-RUN: would verify tcp port 8080 is free
[2026-02-27T04:21:36Z] DRY-RUN: would verify tcp port 6667 is free
[2026-02-27T04:21:36Z] DRY-RUN: would verify tcp port 8091 is free
[2026-02-27T04:21:36Z] DRY-RUN: create directory /Users/seanheiney/.local/share/wolfbbs
[2026-02-27T04:21:36Z] DRY-RUN: would write /Users/seanheiney/.local/share/wolfbbs/.env
[2026-02-27T04:21:36Z] DRY-RUN: skipping sysop user seeding check
[2026-02-27T04:21:36Z] DRY-RUN: would start compose services
[2026-02-27T04:21:36Z] DRY-RUN: skip runtime checks.
[2026-02-27T04:21:36Z] Detected platform: os=macos distro=macos like=n/a arch=arm64 pkg=brew
[2026-02-27T04:21:36Z] DRY-RUN: skip disk-space check
[2026-02-27T04:21:36Z] DRY-RUN: skip Docker install checks
[2026-02-27T04:21:36Z] DRY-RUN: would verify tcp port 2222 is free
[2026-02-27T04:21:36Z] DRY-RUN: would verify tcp port 8080 is free
[2026-02-27T04:21:36Z] DRY-RUN: would verify tcp port 6667 is free
[2026-02-27T04:21:36Z] DRY-RUN: would verify tcp port 8091 is free
[2026-02-27T04:21:36Z] DRY-RUN: create directory /Users/seanheiney/.local/share/wolfbbs
[2026-02-27T04:21:36Z] DRY-RUN: would write /Users/seanheiney/.local/share/wolfbbs/.env
[2026-02-27T04:21:36Z] DRY-RUN: skipping sysop user seeding check
[2026-02-27T04:21:36Z] DRY-RUN: would start compose services
[2026-02-27T04:21:36Z] DRY-RUN: skip runtime checks.
[2026-02-27T04:28:55Z] Detected platform: os=macos distro=macos like=n/a arch=arm64 pkg=brew
[2026-02-27T04:28:55Z] DRY-RUN: skip disk-space check
[2026-02-27T04:28:55Z] DRY-RUN: skip Docker install checks
[2026-02-27T04:28:55Z] DRY-RUN: would verify tcp port 2222 is free
[2026-02-27T04:28:55Z] DRY-RUN: would verify tcp port 8080 is free
[2026-02-27T04:28:55Z] DRY-RUN: would verify tcp port 6667 is free
[2026-02-27T04:28:55Z] DRY-RUN: would verify tcp port 8091 is free
[2026-02-27T04:28:55Z] DRY-RUN: create directory /Users/seanheiney/.local/share/wolfbbs
[2026-02-27T04:28:55Z] DRY-RUN: would write /Users/seanheiney/.local/share/wolfbbs/.env
[2026-02-27T04:28:55Z] DRY-RUN: skipping sysop user seeding check
[2026-02-27T04:28:55Z] DRY-RUN: would start compose services
[2026-02-27T04:28:55Z] DRY-RUN: skip runtime checks.
[2026-02-27T04:28:55Z] Detected platform: os=macos distro=macos like=n/a arch=arm64 pkg=brew
[2026-02-27T04:28:55Z] DRY-RUN: skip disk-space check
[2026-02-27T04:28:55Z] DRY-RUN: skip Docker install checks
[2026-02-27T04:28:55Z] Detected platform: os=macos distro=macos like=n/a arch=arm64 pkg=brew
[2026-02-27T04:28:55Z] DRY-RUN: skip disk-space check
[2026-02-27T04:28:55Z] DRY-RUN: skip Docker install checks
[2026-02-27T04:28:55Z] DRY-RUN: would verify tcp port 2222 is free
[2026-02-27T04:28:55Z] DRY-RUN: would verify tcp port 8080 is free
[2026-02-27T04:28:55Z] DRY-RUN: would verify tcp port 6667 is free
[2026-02-27T04:28:55Z] DRY-RUN: would verify tcp port 8091 is free
[2026-02-27T04:28:55Z] DRY-RUN: create directory /Users/seanheiney/.local/share/wolfbbs
[2026-02-27T04:28:55Z] DRY-RUN: would write /Users/seanheiney/.local/share/wolfbbs/.env
[2026-02-27T04:28:55Z] DRY-RUN: skipping sysop user seeding check
[2026-02-27T04:28:55Z] DRY-RUN: would start compose services
[2026-02-27T04:28:55Z] DRY-RUN: skip runtime checks.
[2026-02-27T04:28:55Z] Detected platform: os=macos distro=macos like=n/a arch=arm64 pkg=brew
[2026-02-27T04:28:55Z] DRY-RUN: skip disk-space check
[2026-02-27T04:28:55Z] DRY-RUN: skip Docker install checks
[2026-02-27T04:28:55Z] DRY-RUN: would verify tcp port 2222 is free
[2026-02-27T04:28:55Z] DRY-RUN: would verify tcp port 8080 is free
[2026-02-27T04:28:55Z] DRY-RUN: would verify tcp port 6667 is free
[2026-02-27T04:28:55Z] DRY-RUN: would verify tcp port 8091 is free
[2026-02-27T04:28:55Z] DRY-RUN: create directory /Users/seanheiney/.local/share/wolfbbs
[2026-02-27T04:28:55Z] DRY-RUN: would write /Users/seanheiney/.local/share/wolfbbs/.env
[2026-02-27T04:28:55Z] DRY-RUN: skipping sysop user seeding check
[2026-02-27T04:28:55Z] DRY-RUN: would start compose services
[2026-02-27T04:28:55Z] DRY-RUN: skip runtime checks.
[2026-02-27T04:29:07Z] Detected platform: os=macos distro=macos like=n/a arch=arm64 pkg=brew
[2026-02-27T04:29:07Z] DRY-RUN: skip disk-space check
[2026-02-27T04:29:07Z] DRY-RUN: skip Docker install checks
[2026-02-27T04:29:07Z] DRY-RUN: would verify tcp port 2222 is free
[2026-02-27T04:29:07Z] DRY-RUN: would verify tcp port 8080 is free
[2026-02-27T04:29:07Z] DRY-RUN: would verify tcp port 6667 is free
[2026-02-27T04:29:07Z] DRY-RUN: would verify tcp port 8091 is free
[2026-02-27T04:29:07Z] DRY-RUN: create directory /Users/seanheiney/.local/share/wolfbbs
[2026-02-27T04:29:07Z] DRY-RUN: would write /Users/seanheiney/.local/share/wolfbbs/.env
[2026-02-27T04:29:07Z] DRY-RUN: skipping sysop user seeding check
[2026-02-27T04:29:07Z] DRY-RUN: would start compose services
[2026-02-27T04:29:07Z] DRY-RUN: skip runtime checks.
[2026-02-27T04:29:07Z] Detected platform: os=macos distro=macos like=n/a arch=arm64 pkg=brew
[2026-02-27T04:29:07Z] DRY-RUN: skip disk-space check
[2026-02-27T04:29:07Z] DRY-RUN: skip Docker install checks
[2026-02-27T04:29:07Z] Detected platform: os=macos distro=macos like=n/a arch=arm64 pkg=brew
[2026-02-27T04:29:07Z] DRY-RUN: skip disk-space check
[2026-02-27T04:29:07Z] DRY-RUN: skip Docker install checks
[2026-02-27T04:29:07Z] DRY-RUN: would verify tcp port 2222 is free
[2026-02-27T04:29:07Z] DRY-RUN: would verify tcp port 8080 is free
[2026-02-27T04:29:07Z] DRY-RUN: would verify tcp port 6667 is free
[2026-02-27T04:29:07Z] DRY-RUN: would verify tcp port 8091 is free
[2026-02-27T04:29:07Z] DRY-RUN: create directory /Users/seanheiney/.local/share/wolfbbs
[2026-02-27T04:29:07Z] DRY-RUN: would write /Users/seanheiney/.local/share/wolfbbs/.env
[2026-02-27T04:29:07Z] DRY-RUN: skipping sysop user seeding check
[2026-02-27T04:29:07Z] DRY-RUN: would start compose services
[2026-02-27T04:29:07Z] DRY-RUN: skip runtime checks.
[2026-02-27T04:29:07Z] Detected platform: os=macos distro=macos like=n/a arch=arm64 pkg=brew
[2026-02-27T04:29:07Z] DRY-RUN: skip disk-space check
[2026-02-27T04:29:07Z] DRY-RUN: skip Docker install checks
[2026-02-27T04:29:07Z] DRY-RUN: would verify tcp port 2222 is free
[2026-02-27T04:29:07Z] DRY-RUN: would verify tcp port 8080 is free
[2026-02-27T04:29:07Z] DRY-RUN: would verify tcp port 6667 is free
[2026-02-27T04:29:07Z] DRY-RUN: would verify tcp port 8091 is free
[2026-02-27T04:29:08Z] DRY-RUN: create directory /Users/seanheiney/.local/share/wolfbbs
[2026-02-27T04:29:08Z] DRY-RUN: would write /Users/seanheiney/.local/share/wolfbbs/.env
[2026-02-27T04:29:08Z] DRY-RUN: skipping sysop user seeding check
[2026-02-27T04:29:08Z] DRY-RUN: would start compose services
[2026-02-27T04:29:08Z] DRY-RUN: skip runtime checks.
[2026-02-27T04:30:16Z] Detected platform: os=macos distro=macos like=n/a arch=arm64 pkg=brew
[2026-02-27T04:30:16Z] DRY-RUN: skip disk-space check
[2026-02-27T04:30:16Z] DRY-RUN: skip Docker install checks
[2026-02-27T04:30:16Z] DRY-RUN: would verify tcp port 2222 is free
[2026-02-27T04:30:16Z] DRY-RUN: would verify tcp port 8080 is free
[2026-02-27T04:30:16Z] DRY-RUN: would verify tcp port 6667 is free
[2026-02-27T04:30:16Z] DRY-RUN: would verify tcp port 8091 is free
[2026-02-27T04:30:16Z] DRY-RUN: create directory /Users/seanheiney/.local/share/wolfbbs
[2026-02-27T04:30:16Z] DRY-RUN: would write /Users/seanheiney/.local/share/wolfbbs/.env
[2026-02-27T04:30:16Z] DRY-RUN: skipping sysop user seeding check
[2026-02-27T04:30:16Z] DRY-RUN: would start compose services
[2026-02-27T04:30:16Z] DRY-RUN: skip runtime checks.
[2026-02-27T04:30:16Z] Detected platform: os=macos distro=macos like=n/a arch=arm64 pkg=brew
[2026-02-27T04:30:16Z] DRY-RUN: skip disk-space check
[2026-02-27T04:30:16Z] DRY-RUN: skip Docker install checks
[2026-02-27T04:30:16Z] Detected platform: os=macos distro=macos like=n/a arch=arm64 pkg=brew
[2026-02-27T04:30:16Z] DRY-RUN: skip disk-space check
[2026-02-27T04:30:16Z] DRY-RUN: skip Docker install checks
[2026-02-27T04:30:16Z] DRY-RUN: would verify tcp port 2222 is free
[2026-02-27T04:30:16Z] DRY-RUN: would verify tcp port 8080 is free
[2026-02-27T04:30:16Z] DRY-RUN: would verify tcp port 6667 is free
[2026-02-27T04:30:16Z] DRY-RUN: would verify tcp port 8091 is free
[2026-02-27T04:30:16Z] DRY-RUN: create directory /Users/seanheiney/.local/share/wolfbbs
[2026-02-27T04:30:16Z] DRY-RUN: would write /Users/seanheiney/.local/share/wolfbbs/.env
[2026-02-27T04:30:16Z] DRY-RUN: skipping sysop user seeding check
[2026-02-27T04:30:16Z] DRY-RUN: would start compose services
[2026-02-27T04:30:16Z] DRY-RUN: skip runtime checks.
[2026-02-27T04:30:17Z] Detected platform: os=macos distro=macos like=n/a arch=arm64 pkg=brew
[2026-02-27T04:30:17Z] DRY-RUN: skip disk-space check
[2026-02-27T04:30:17Z] DRY-RUN: skip Docker install checks
[2026-02-27T04:30:17Z] DRY-RUN: would verify tcp port 2222 is free
[2026-02-27T04:30:17Z] DRY-RUN: would verify tcp port 8080 is free
[2026-02-27T04:30:17Z] DRY-RUN: would verify tcp port 6667 is free
[2026-02-27T04:30:17Z] DRY-RUN: would verify tcp port 8091 is free
[2026-02-27T04:30:17Z] DRY-RUN: create directory /Users/seanheiney/.local/share/wolfbbs
[2026-02-27T04:30:17Z] DRY-RUN: would write /Users/seanheiney/.local/share/wolfbbs/.env
[2026-02-27T04:30:17Z] DRY-RUN: skipping sysop user seeding check
[2026-02-27T04:30:17Z] DRY-RUN: would start compose services
[2026-02-27T04:30:17Z] DRY-RUN: skip runtime checks.
[2026-02-27T04:41:00Z] Detected platform: os=macos distro=macos like=n/a arch=arm64 pkg=brew
[2026-02-27T04:41:00Z] DRY-RUN: skip disk-space check
[2026-02-27T04:41:00Z] DRY-RUN: skip Docker install checks
[2026-02-27T04:41:00Z] DRY-RUN: would verify tcp port 2222 is free
[2026-02-27T04:41:00Z] DRY-RUN: would verify tcp port 8080 is free
[2026-02-27T04:41:00Z] DRY-RUN: would verify tcp port 6667 is free
[2026-02-27T04:41:00Z] DRY-RUN: would verify tcp port 8091 is free
[2026-02-27T04:41:00Z] DRY-RUN: create directory /Users/seanheiney/.local/share/wolfbbs
[2026-02-27T04:41:00Z] DRY-RUN: would write /Users/seanheiney/.local/share/wolfbbs/.env
[2026-02-27T04:41:00Z] DRY-RUN: skipping sysop user seeding check
[2026-02-27T04:41:00Z] DRY-RUN: would start compose services
[2026-02-27T04:41:00Z] DRY-RUN: skip runtime checks.
[2026-02-27T04:41:01Z] Detected platform: os=macos distro=macos like=n/a arch=arm64 pkg=brew
[2026-02-27T04:41:01Z] DRY-RUN: skip disk-space check
[2026-02-27T04:41:01Z] DRY-RUN: skip Docker install checks
[2026-02-27T04:41:02Z] Detected platform: os=macos distro=macos like=n/a arch=arm64 pkg=brew
[2026-02-27T04:41:02Z] DRY-RUN: skip disk-space check
[2026-02-27T04:41:02Z] DRY-RUN: skip Docker install checks
[2026-02-27T04:41:02Z] DRY-RUN: would verify tcp port 2222 is free
[2026-02-27T04:41:02Z] DRY-RUN: would verify tcp port 8080 is free
[2026-02-27T04:41:02Z] DRY-RUN: would verify tcp port 6667 is free
[2026-02-27T04:41:02Z] DRY-RUN: would verify tcp port 8091 is free
[2026-02-27T04:41:02Z] DRY-RUN: create directory /Users/seanheiney/.local/share/wolfbbs
[2026-02-27T04:41:02Z] DRY-RUN: would write /Users/seanheiney/.local/share/wolfbbs/.env
[2026-02-27T04:41:02Z] DRY-RUN: skipping sysop user seeding check
[2026-02-27T04:41:02Z] DRY-RUN: would start compose services
[2026-02-27T04:41:02Z] DRY-RUN: skip runtime checks.
[2026-02-27T04:41:02Z] Detected platform: os=macos distro=macos like=n/a arch=arm64 pkg=brew
[2026-02-27T04:41:02Z] DRY-RUN: skip disk-space check
[2026-02-27T04:41:02Z] DRY-RUN: skip Docker install checks
[2026-02-27T04:41:02Z] DRY-RUN: would verify tcp port 2222 is free
[2026-02-27T04:41:02Z] DRY-RUN: would verify tcp port 8080 is free
[2026-02-27T04:41:02Z] DRY-RUN: would verify tcp port 6667 is free
[2026-02-27T04:41:02Z] DRY-RUN: would verify tcp port 8091 is free
[2026-02-27T04:41:03Z] DRY-RUN: create directory /Users/seanheiney/.local/share/wolfbbs
[2026-02-27T04:41:03Z] DRY-RUN: would write /Users/seanheiney/.local/share/wolfbbs/.env
[2026-02-27T04:41:03Z] DRY-RUN: skipping sysop user seeding check
[2026-02-27T04:41:03Z] DRY-RUN: would start compose services
[2026-02-27T04:41:03Z] DRY-RUN: skip runtime checks.
[2026-02-27T04:41:57Z] Detected platform: os=macos distro=macos like=n/a arch=arm64 pkg=brew
[2026-02-27T04:41:57Z] DRY-RUN: skip disk-space check
[2026-02-27T04:41:57Z] DRY-RUN: skip Docker install checks
[2026-02-27T04:41:57Z] DRY-RUN: would verify tcp port 2222 is free
[2026-02-27T04:41:57Z] DRY-RUN: would verify tcp port 8080 is free
[2026-02-27T04:41:57Z] DRY-RUN: would verify tcp port 6667 is free
[2026-02-27T04:41:57Z] DRY-RUN: would verify tcp port 8091 is free
[2026-02-27T04:41:57Z] DRY-RUN: create directory /Users/seanheiney/.local/share/wolfbbs
[2026-02-27T04:41:57Z] DRY-RUN: would write /Users/seanheiney/.local/share/wolfbbs/.env
[2026-02-27T04:41:57Z] DRY-RUN: skipping sysop user seeding check
[2026-02-27T04:41:57Z] DRY-RUN: would start compose services
[2026-02-27T04:41:57Z] DRY-RUN: skip runtime checks.
[2026-02-27T04:41:57Z] Detected platform: os=macos distro=macos like=n/a arch=arm64 pkg=brew
[2026-02-27T04:41:57Z] DRY-RUN: skip disk-space check
[2026-02-27T04:41:57Z] DRY-RUN: skip Docker install checks
[2026-02-27T04:41:57Z] Detected platform: os=macos distro=macos like=n/a arch=arm64 pkg=brew
[2026-02-27T04:41:57Z] DRY-RUN: skip disk-space check
[2026-02-27T04:41:57Z] DRY-RUN: skip Docker install checks
[2026-02-27T04:41:57Z] DRY-RUN: would verify tcp port 2222 is free
[2026-02-27T04:41:57Z] DRY-RUN: would verify tcp port 8080 is free
[2026-02-27T04:41:57Z] DRY-RUN: would verify tcp port 6667 is free
[2026-02-27T04:41:57Z] DRY-RUN: would verify tcp port 8091 is free
[2026-02-27T04:41:57Z] DRY-RUN: create directory /Users/seanheiney/.local/share/wolfbbs
[2026-02-27T04:41:57Z] DRY-RUN: would write /Users/seanheiney/.local/share/wolfbbs/.env
[2026-02-27T04:41:57Z] DRY-RUN: skipping sysop user seeding check
[2026-02-27T04:41:57Z] DRY-RUN: would start compose services
[2026-02-27T04:41:57Z] DRY-RUN: skip runtime checks.
[2026-02-27T04:41:57Z] Detected platform: os=macos distro=macos like=n/a arch=arm64 pkg=brew
[2026-02-27T04:41:57Z] DRY-RUN: skip disk-space check
[2026-02-27T04:41:57Z] DRY-RUN: skip Docker install checks
[2026-02-27T04:41:57Z] DRY-RUN: would verify tcp port 2222 is free
[2026-02-27T04:41:57Z] DRY-RUN: would verify tcp port 8080 is free
[2026-02-27T04:41:57Z] DRY-RUN: would verify tcp port 6667 is free
[2026-02-27T04:41:57Z] DRY-RUN: would verify tcp port 8091 is free
[2026-02-27T04:41:57Z] DRY-RUN: create directory /Users/seanheiney/.local/share/wolfbbs
[2026-02-27T04:41:57Z] DRY-RUN: would write /Users/seanheiney/.local/share/wolfbbs/.env
[2026-02-27T04:41:57Z] DRY-RUN: skipping sysop user seeding check
[2026-02-27T04:41:57Z] DRY-RUN: would start compose services
[2026-02-27T04:41:57Z] DRY-RUN: skip runtime checks.
[2026-02-27T04:54:46Z] Detected platform: os=macos distro=macos like=n/a arch=arm64 pkg=brew
[2026-02-27T04:54:46Z] DRY-RUN: skip disk-space check
[2026-02-27T04:54:46Z] DRY-RUN: skip Docker install checks
[2026-02-27T04:54:46Z] DRY-RUN: would verify tcp port 2222 is free
[2026-02-27T04:54:46Z] DRY-RUN: would verify tcp port 8080 is free
[2026-02-27T04:54:46Z] DRY-RUN: would verify tcp port 6667 is free
[2026-02-27T04:54:46Z] DRY-RUN: would verify tcp port 8091 is free
[2026-02-27T04:54:46Z] DRY-RUN: create directory /Users/seanheiney/.local/share/wolfbbs
[2026-02-27T04:54:46Z] DRY-RUN: would write /Users/seanheiney/.local/share/wolfbbs/.env
[2026-02-27T04:54:46Z] DRY-RUN: skipping sysop user seeding check
[2026-02-27T04:54:46Z] DRY-RUN: would start compose services
[2026-02-27T04:54:46Z] DRY-RUN: skip runtime checks.
[2026-02-27T04:54:46Z] Detected platform: os=macos distro=macos like=n/a arch=arm64 pkg=brew
[2026-02-27T04:54:46Z] DRY-RUN: skip disk-space check
[2026-02-27T04:54:46Z] DRY-RUN: skip Docker install checks
[2026-02-27T04:54:46Z] Detected platform: os=macos distro=macos like=n/a arch=arm64 pkg=brew
[2026-02-27T04:54:46Z] DRY-RUN: skip disk-space check
[2026-02-27T04:54:46Z] DRY-RUN: skip Docker install checks
[2026-02-27T04:54:46Z] DRY-RUN: would verify tcp port 2222 is free
[2026-02-27T04:54:46Z] DRY-RUN: would verify tcp port 8080 is free
[2026-02-27T04:54:46Z] DRY-RUN: would verify tcp port 6667 is free
[2026-02-27T04:54:46Z] DRY-RUN: would verify tcp port 8091 is free
[2026-02-27T04:54:46Z] DRY-RUN: create directory /Users/seanheiney/.local/share/wolfbbs
[2026-02-27T04:54:46Z] DRY-RUN: would write /Users/seanheiney/.local/share/wolfbbs/.env
[2026-02-27T04:54:46Z] DRY-RUN: skipping sysop user seeding check
[2026-02-27T04:54:46Z] DRY-RUN: would start compose services
[2026-02-27T04:54:46Z] DRY-RUN: skip runtime checks.
[2026-02-27T04:54:46Z] Detected platform: os=macos distro=macos like=n/a arch=arm64 pkg=brew
[2026-02-27T04:54:46Z] DRY-RUN: skip disk-space check
[2026-02-27T04:54:46Z] DRY-RUN: skip Docker install checks
[2026-02-27T04:54:46Z] DRY-RUN: would verify tcp port 2222 is free
[2026-02-27T04:54:46Z] DRY-RUN: would verify tcp port 8080 is free
[2026-02-27T04:54:46Z] DRY-RUN: would verify tcp port 6667 is free
[2026-02-27T04:54:46Z] DRY-RUN: would verify tcp port 8091 is free
[2026-02-27T04:54:46Z] DRY-RUN: create directory /Users/seanheiney/.local/share/wolfbbs
[2026-02-27T04:54:46Z] DRY-RUN: would write /Users/seanheiney/.local/share/wolfbbs/.env
[2026-02-27T04:54:46Z] DRY-RUN: skipping sysop user seeding check
[2026-02-27T04:54:46Z] DRY-RUN: would start compose services
[2026-02-27T04:54:46Z] DRY-RUN: skip runtime checks.
[2026-02-27T05:02:57Z] Detected platform: os=macos distro=macos like=n/a arch=arm64 pkg=brew
[2026-02-27T05:02:57Z] DRY-RUN: skip disk-space check
[2026-02-27T05:02:57Z] DRY-RUN: skip Docker install checks
[2026-02-27T05:02:57Z] DRY-RUN: would verify tcp port 2222 is free
[2026-02-27T05:02:57Z] DRY-RUN: would verify tcp port 8080 is free
[2026-02-27T05:02:57Z] DRY-RUN: would verify tcp port 6667 is free
[2026-02-27T05:02:57Z] DRY-RUN: would verify tcp port 8091 is free
[2026-02-27T05:02:57Z] DRY-RUN: create directory /Users/seanheiney/.local/share/wolfbbs
[2026-02-27T05:02:57Z] DRY-RUN: would write /Users/seanheiney/.local/share/wolfbbs/.env
[2026-02-27T05:02:57Z] DRY-RUN: skipping sysop user seeding check
[2026-02-27T05:02:57Z] DRY-RUN: would start compose services
[2026-02-27T05:02:57Z] DRY-RUN: skip runtime checks.
[2026-02-27T05:02:57Z] Detected platform: os=macos distro=macos like=n/a arch=arm64 pkg=brew
[2026-02-27T05:02:57Z] DRY-RUN: skip disk-space check
[2026-02-27T05:02:57Z] DRY-RUN: skip Docker install checks
[2026-02-27T05:02:57Z] Detected platform: os=macos distro=macos like=n/a arch=arm64 pkg=brew
[2026-02-27T05:02:57Z] DRY-RUN: skip disk-space check
[2026-02-27T05:02:57Z] DRY-RUN: skip Docker install checks
[2026-02-27T05:02:57Z] DRY-RUN: would verify tcp port 2222 is free
[2026-02-27T05:02:57Z] DRY-RUN: would verify tcp port 8080 is free
[2026-02-27T05:02:57Z] DRY-RUN: would verify tcp port 6667 is free
[2026-02-27T05:02:57Z] DRY-RUN: would verify tcp port 8091 is free
[2026-02-27T05:02:57Z] DRY-RUN: create directory /Users/seanheiney/.local/share/wolfbbs
[2026-02-27T05:02:57Z] DRY-RUN: would write /Users/seanheiney/.local/share/wolfbbs/.env
[2026-02-27T05:02:57Z] DRY-RUN: skipping sysop user seeding check
[2026-02-27T05:02:57Z] DRY-RUN: would start compose services
[2026-02-27T05:02:57Z] DRY-RUN: skip runtime checks.
[2026-02-27T05:02:57Z] Detected platform: os=macos distro=macos like=n/a arch=arm64 pkg=brew
[2026-02-27T05:02:57Z] DRY-RUN: skip disk-space check
[2026-02-27T05:02:57Z] DRY-RUN: skip Docker install checks
[2026-02-27T05:02:57Z] DRY-RUN: would verify tcp port 2222 is free
[2026-02-27T05:02:57Z] DRY-RUN: would verify tcp port 8080 is free
[2026-02-27T05:02:57Z] DRY-RUN: would verify tcp port 6667 is free
[2026-02-27T05:02:57Z] DRY-RUN: would verify tcp port 8091 is free
[2026-02-27T05:02:57Z] DRY-RUN: create directory /Users/seanheiney/.local/share/wolfbbs
[2026-02-27T05:02:57Z] DRY-RUN: would write /Users/seanheiney/.local/share/wolfbbs/.env
[2026-02-27T05:02:57Z] DRY-RUN: skipping sysop user seeding check
[2026-02-27T05:02:57Z] DRY-RUN: would start compose services
[2026-02-27T05:02:57Z] DRY-RUN: skip runtime checks.
[2026-02-27T05:13:16Z] Detected platform: os=macos distro=macos like=n/a arch=arm64 pkg=brew
[2026-02-27T05:13:17Z] DRY-RUN: skip disk-space check
[2026-02-27T05:13:17Z] DRY-RUN: skip Docker install checks
[2026-02-27T05:13:17Z] DRY-RUN: would verify tcp port 2222 is free
[2026-02-27T05:13:17Z] DRY-RUN: would verify tcp port 8080 is free
[2026-02-27T05:13:17Z] DRY-RUN: would verify tcp port 6667 is free
[2026-02-27T05:13:17Z] DRY-RUN: would verify tcp port 8091 is free
[2026-02-27T05:13:17Z] DRY-RUN: create directory /Users/seanheiney/.local/share/wolfbbs
[2026-02-27T05:13:17Z] DRY-RUN: would write /Users/seanheiney/.local/share/wolfbbs/.env
[2026-02-27T05:13:17Z] DRY-RUN: skipping sysop user seeding check
[2026-02-27T05:13:17Z] DRY-RUN: would start compose services
[2026-02-27T05:13:17Z] DRY-RUN: skip runtime checks.
[2026-02-27T05:13:17Z] Detected platform: os=macos distro=macos like=n/a arch=arm64 pkg=brew
[2026-02-27T05:13:17Z] DRY-RUN: skip disk-space check
[2026-02-27T05:13:17Z] DRY-RUN: skip Docker install checks
[2026-02-27T05:13:17Z] Detected platform: os=macos distro=macos like=n/a arch=arm64 pkg=brew
[2026-02-27T05:13:17Z] DRY-RUN: skip disk-space check
[2026-02-27T05:13:17Z] DRY-RUN: skip Docker install checks
[2026-02-27T05:13:17Z] DRY-RUN: would verify tcp port 2222 is free
[2026-02-27T05:13:17Z] DRY-RUN: would verify tcp port 8080 is free
[2026-02-27T05:13:17Z] DRY-RUN: would verify tcp port 6667 is free
[2026-02-27T05:13:17Z] DRY-RUN: would verify tcp port 8091 is free
[2026-02-27T05:13:17Z] DRY-RUN: create directory /Users/seanheiney/.local/share/wolfbbs
[2026-02-27T05:13:17Z] DRY-RUN: would write /Users/seanheiney/.local/share/wolfbbs/.env
[2026-02-27T05:13:17Z] DRY-RUN: skipping sysop user seeding check
[2026-02-27T05:13:17Z] DRY-RUN: would start compose services
[2026-02-27T05:13:17Z] DRY-RUN: skip runtime checks.
[2026-02-27T05:13:17Z] Detected platform: os=macos distro=macos like=n/a arch=arm64 pkg=brew
[2026-02-27T05:13:17Z] DRY-RUN: skip disk-space check
[2026-02-27T05:13:17Z] DRY-RUN: skip Docker install checks
[2026-02-27T05:13:17Z] DRY-RUN: would verify tcp port 2222 is free
[2026-02-27T05:13:17Z] DRY-RUN: would verify tcp port 8080 is free
[2026-02-27T05:13:17Z] DRY-RUN: would verify tcp port 6667 is free
[2026-02-27T05:13:17Z] DRY-RUN: would verify tcp port 8091 is free
[2026-02-27T05:13:17Z] DRY-RUN: create directory /Users/seanheiney/.local/share/wolfbbs
[2026-02-27T05:13:17Z] DRY-RUN: would write /Users/seanheiney/.local/share/wolfbbs/.env
[2026-02-27T05:13:17Z] DRY-RUN: skipping sysop user seeding check
[2026-02-27T05:13:17Z] DRY-RUN: would start compose services
[2026-02-27T05:13:17Z] DRY-RUN: skip runtime checks.
[2026-02-27T05:32:41Z] Detected platform: os=macos distro=macos like=n/a arch=arm64 pkg=brew
[2026-02-27T05:32:42Z] DRY-RUN: skip disk-space check
[2026-02-27T05:32:42Z] DRY-RUN: skip Docker install checks
[2026-02-27T05:32:42Z] DRY-RUN: would verify tcp port 2222 is free
[2026-02-27T05:32:42Z] DRY-RUN: would verify tcp port 8080 is free
[2026-02-27T05:32:42Z] DRY-RUN: would verify tcp port 6667 is free
[2026-02-27T05:32:42Z] DRY-RUN: would verify tcp port 8091 is free
[2026-02-27T05:32:42Z] DRY-RUN: create directory /Users/seanheiney/.local/share/wolfbbs
[2026-02-27T05:32:42Z] DRY-RUN: would write /Users/seanheiney/.local/share/wolfbbs/.env
[2026-02-27T05:32:42Z] DRY-RUN: skipping sysop user seeding check
[2026-02-27T05:32:42Z] DRY-RUN: would start compose services
[2026-02-27T05:32:42Z] DRY-RUN: skip runtime checks.
[2026-02-27T05:32:42Z] Detected platform: os=macos distro=macos like=n/a arch=arm64 pkg=brew
[2026-02-27T05:32:42Z] DRY-RUN: skip disk-space check
[2026-02-27T05:32:42Z] DRY-RUN: skip Docker install checks
[2026-02-27T05:32:42Z] Detected platform: os=macos distro=macos like=n/a arch=arm64 pkg=brew
[2026-02-27T05:32:42Z] DRY-RUN: skip disk-space check
[2026-02-27T05:32:42Z] DRY-RUN: skip Docker install checks
[2026-02-27T05:32:42Z] DRY-RUN: would verify tcp port 2222 is free
[2026-02-27T05:32:42Z] DRY-RUN: would verify tcp port 8080 is free
[2026-02-27T05:32:42Z] DRY-RUN: would verify tcp port 6667 is free
[2026-02-27T05:32:42Z] DRY-RUN: would verify tcp port 8091 is free
[2026-02-27T05:32:42Z] DRY-RUN: create directory /Users/seanheiney/.local/share/wolfbbs
[2026-02-27T05:32:42Z] DRY-RUN: would write /Users/seanheiney/.local/share/wolfbbs/.env
[2026-02-27T05:32:42Z] DRY-RUN: skipping sysop user seeding check
[2026-02-27T05:32:42Z] DRY-RUN: would start compose services
[2026-02-27T05:32:42Z] DRY-RUN: skip runtime checks.
[2026-02-27T05:32:42Z] Detected platform: os=macos distro=macos like=n/a arch=arm64 pkg=brew
[2026-02-27T05:32:42Z] DRY-RUN: skip disk-space check
[2026-02-27T05:32:42Z] DRY-RUN: skip Docker install checks
[2026-02-27T05:32:42Z] DRY-RUN: would verify tcp port 2222 is free
[2026-02-27T05:32:42Z] DRY-RUN: would verify tcp port 8080 is free
[2026-02-27T05:32:42Z] DRY-RUN: would verify tcp port 6667 is free
[2026-02-27T05:32:42Z] DRY-RUN: would verify tcp port 8091 is free
[2026-02-27T05:32:42Z] DRY-RUN: create directory /Users/seanheiney/.local/share/wolfbbs
[2026-02-27T05:32:42Z] DRY-RUN: would write /Users/seanheiney/.local/share/wolfbbs/.env
[2026-02-27T05:32:42Z] DRY-RUN: skipping sysop user seeding check
[2026-02-27T05:32:42Z] DRY-RUN: would start compose services
[2026-02-27T05:32:42Z] DRY-RUN: skip runtime checks.
[2026-02-27T05:50:55Z] Detected platform: os=macos distro=macos like=n/a arch=arm64 pkg=brew
[2026-02-27T05:50:56Z] DRY-RUN: skip disk-space check
[2026-02-27T05:50:56Z] DRY-RUN: skip Docker install checks
[2026-02-27T05:50:56Z] DRY-RUN: would verify tcp port 2222 is free
[2026-02-27T05:50:56Z] DRY-RUN: would verify tcp port 8080 is free
[2026-02-27T05:50:56Z] DRY-RUN: would verify tcp port 6667 is free
[2026-02-27T05:50:56Z] DRY-RUN: would verify tcp port 8091 is free
[2026-02-27T05:50:56Z] DRY-RUN: create directory /Users/seanheiney/.local/share/wolfbbs
[2026-02-27T05:50:56Z] DRY-RUN: would write /Users/seanheiney/.local/share/wolfbbs/.env
[2026-02-27T05:50:56Z] DRY-RUN: skipping sysop user seeding check
[2026-02-27T05:50:56Z] DRY-RUN: would start compose services
[2026-02-27T05:50:56Z] DRY-RUN: skip runtime checks.
[2026-02-27T05:50:56Z] Detected platform: os=macos distro=macos like=n/a arch=arm64 pkg=brew
[2026-02-27T05:50:56Z] DRY-RUN: skip disk-space check
[2026-02-27T05:50:56Z] DRY-RUN: skip Docker install checks
[2026-02-27T05:50:56Z] Detected platform: os=macos distro=macos like=n/a arch=arm64 pkg=brew
[2026-02-27T05:50:56Z] DRY-RUN: skip disk-space check
[2026-02-27T05:50:56Z] DRY-RUN: skip Docker install checks
[2026-02-27T05:50:56Z] DRY-RUN: would verify tcp port 2222 is free
[2026-02-27T05:50:56Z] DRY-RUN: would verify tcp port 8080 is free
[2026-02-27T05:50:56Z] DRY-RUN: would verify tcp port 6667 is free
[2026-02-27T05:50:56Z] DRY-RUN: would verify tcp port 8091 is free
[2026-02-27T05:50:56Z] DRY-RUN: create directory /Users/seanheiney/.local/share/wolfbbs
[2026-02-27T05:50:56Z] DRY-RUN: would write /Users/seanheiney/.local/share/wolfbbs/.env
[2026-02-27T05:50:56Z] DRY-RUN: skipping sysop user seeding check
[2026-02-27T05:50:56Z] DRY-RUN: would start compose services
[2026-02-27T05:50:56Z] DRY-RUN: skip runtime checks.
[2026-02-27T05:50:56Z] Detected platform: os=macos distro=macos like=n/a arch=arm64 pkg=brew
[2026-02-27T05:50:56Z] DRY-RUN: skip disk-space check
[2026-02-27T05:50:56Z] DRY-RUN: skip Docker install checks
[2026-02-27T05:50:56Z] DRY-RUN: would verify tcp port 2222 is free
[2026-02-27T05:50:56Z] DRY-RUN: would verify tcp port 8080 is free
[2026-02-27T05:50:56Z] DRY-RUN: would verify tcp port 6667 is free
[2026-02-27T05:50:56Z] DRY-RUN: would verify tcp port 8091 is free
[2026-02-27T05:50:56Z] DRY-RUN: create directory /Users/seanheiney/.local/share/wolfbbs
[2026-02-27T05:50:56Z] DRY-RUN: would write /Users/seanheiney/.local/share/wolfbbs/.env
[2026-02-27T05:50:56Z] DRY-RUN: skipping sysop user seeding check
[2026-02-27T05:50:56Z] DRY-RUN: would start compose services
[2026-02-27T05:50:56Z] DRY-RUN: skip runtime checks.
[2026-02-27T05:51:52Z] Detected platform: os=macos distro=macos like=n/a arch=arm64 pkg=brew
[2026-02-27T05:51:52Z] DRY-RUN: skip disk-space check
[2026-02-27T05:51:52Z] DRY-RUN: skip Docker install checks
[2026-02-27T05:51:52Z] DRY-RUN: would verify tcp port 2222 is free
[2026-02-27T05:51:52Z] DRY-RUN: would verify tcp port 8080 is free
[2026-02-27T05:51:52Z] DRY-RUN: would verify tcp port 6667 is free
[2026-02-27T05:51:52Z] DRY-RUN: would verify tcp port 8091 is free
[2026-02-27T05:51:52Z] DRY-RUN: create directory /Users/seanheiney/.local/share/wolfbbs
[2026-02-27T05:51:52Z] DRY-RUN: would write /Users/seanheiney/.local/share/wolfbbs/.env
[2026-02-27T05:51:52Z] DRY-RUN: skipping sysop user seeding check
[2026-02-27T05:51:52Z] DRY-RUN: would start compose services
[2026-02-27T05:51:52Z] DRY-RUN: skip runtime checks.
[2026-02-27T05:51:52Z] Detected platform: os=macos distro=macos like=n/a arch=arm64 pkg=brew
[2026-02-27T05:51:52Z] DRY-RUN: skip disk-space check
[2026-02-27T05:51:52Z] DRY-RUN: skip Docker install checks
[2026-02-27T05:51:52Z] Detected platform: os=macos distro=macos like=n/a arch=arm64 pkg=brew
[2026-02-27T05:51:52Z] DRY-RUN: skip disk-space check
[2026-02-27T05:51:52Z] DRY-RUN: skip Docker install checks
[2026-02-27T05:51:52Z] DRY-RUN: would verify tcp port 2222 is free
[2026-02-27T05:51:52Z] DRY-RUN: would verify tcp port 8080 is free
[2026-02-27T05:51:52Z] DRY-RUN: would verify tcp port 6667 is free
[2026-02-27T05:51:52Z] DRY-RUN: would verify tcp port 8091 is free
[2026-02-27T05:51:52Z] DRY-RUN: create directory /Users/seanheiney/.local/share/wolfbbs
[2026-02-27T05:51:52Z] DRY-RUN: would write /Users/seanheiney/.local/share/wolfbbs/.env
[2026-02-27T05:51:52Z] DRY-RUN: skipping sysop user seeding check
[2026-02-27T05:51:52Z] DRY-RUN: would start compose services
[2026-02-27T05:51:52Z] DRY-RUN: skip runtime checks.
[2026-02-27T05:51:53Z] Detected platform: os=macos distro=macos like=n/a arch=arm64 pkg=brew
[2026-02-27T05:51:53Z] DRY-RUN: skip disk-space check
[2026-02-27T05:51:53Z] DRY-RUN: skip Docker install checks
[2026-02-27T05:51:53Z] DRY-RUN: would verify tcp port 2222 is free
[2026-02-27T05:51:53Z] DRY-RUN: would verify tcp port 8080 is free
[2026-02-27T05:51:53Z] DRY-RUN: would verify tcp port 6667 is free
[2026-02-27T05:51:53Z] DRY-RUN: would verify tcp port 8091 is free
[2026-02-27T05:51:53Z] DRY-RUN: create directory /Users/seanheiney/.local/share/wolfbbs
[2026-02-27T05:51:53Z] DRY-RUN: would write /Users/seanheiney/.local/share/wolfbbs/.env
[2026-02-27T05:51:53Z] DRY-RUN: skipping sysop user seeding check
[2026-02-27T05:51:53Z] DRY-RUN: would start compose services
[2026-02-27T05:51:53Z] DRY-RUN: skip runtime checks.
[2026-02-27T05:53:26Z] Detected platform: os=macos distro=macos like=n/a arch=arm64 pkg=brew
[2026-02-27T05:53:26Z] DRY-RUN: skip disk-space check
[2026-02-27T05:53:26Z] DRY-RUN: skip Docker install checks
[2026-02-27T05:53:26Z] DRY-RUN: would verify tcp port 2222 is free
[2026-02-27T05:53:26Z] DRY-RUN: would verify tcp port 8080 is free
[2026-02-27T05:53:26Z] DRY-RUN: would verify tcp port 6667 is free
[2026-02-27T05:53:26Z] DRY-RUN: would verify tcp port 8091 is free
[2026-02-27T05:53:26Z] DRY-RUN: create directory /Users/seanheiney/.local/share/wolfbbs
[2026-02-27T05:53:26Z] DRY-RUN: would write /Users/seanheiney/.local/share/wolfbbs/.env
[2026-02-27T05:53:26Z] DRY-RUN: skipping sysop user seeding check
[2026-02-27T05:53:26Z] DRY-RUN: would start compose services
[2026-02-27T05:53:26Z] DRY-RUN: skip runtime checks.
[2026-02-27T05:53:26Z] Detected platform: os=macos distro=macos like=n/a arch=arm64 pkg=brew
[2026-02-27T05:53:26Z] DRY-RUN: skip disk-space check
[2026-02-27T05:53:26Z] DRY-RUN: skip Docker install checks
[2026-02-27T05:53:26Z] Detected platform: os=macos distro=macos like=n/a arch=arm64 pkg=brew
[2026-02-27T05:53:26Z] DRY-RUN: skip disk-space check
[2026-02-27T05:53:26Z] DRY-RUN: skip Docker install checks
[2026-02-27T05:53:26Z] DRY-RUN: would verify tcp port 2222 is free
[2026-02-27T05:53:26Z] DRY-RUN: would verify tcp port 8080 is free
[2026-02-27T05:53:26Z] DRY-RUN: would verify tcp port 6667 is free
[2026-02-27T05:53:26Z] DRY-RUN: would verify tcp port 8091 is free
[2026-02-27T05:53:26Z] DRY-RUN: create directory /Users/seanheiney/.local/share/wolfbbs
[2026-02-27T05:53:26Z] DRY-RUN: would write /Users/seanheiney/.local/share/wolfbbs/.env
[2026-02-27T05:53:26Z] DRY-RUN: skipping sysop user seeding check
[2026-02-27T05:53:26Z] DRY-RUN: would start compose services
[2026-02-27T05:53:26Z] DRY-RUN: skip runtime checks.
[2026-02-27T05:53:26Z] Detected platform: os=macos distro=macos like=n/a arch=arm64 pkg=brew
[2026-02-27T05:53:26Z] DRY-RUN: skip disk-space check
[2026-02-27T05:53:26Z] DRY-RUN: skip Docker install checks
[2026-02-27T05:53:26Z] DRY-RUN: would verify tcp port 2222 is free
[2026-02-27T05:53:26Z] DRY-RUN: would verify tcp port 8080 is free
[2026-02-27T05:53:26Z] DRY-RUN: would verify tcp port 6667 is free
[2026-02-27T05:53:26Z] DRY-RUN: would verify tcp port 8091 is free
[2026-02-27T05:53:26Z] DRY-RUN: create directory /Users/seanheiney/.local/share/wolfbbs
[2026-02-27T05:53:26Z] DRY-RUN: would write /Users/seanheiney/.local/share/wolfbbs/.env
[2026-02-27T05:53:26Z] DRY-RUN: skipping sysop user seeding check
[2026-02-27T05:53:26Z] DRY-RUN: would start compose services
[2026-02-27T05:53:26Z] DRY-RUN: skip runtime checks.
[2026-02-27T05:54:11Z] Detected platform: os=macos distro=macos like=n/a arch=arm64 pkg=brew
[2026-02-27T05:54:11Z] DRY-RUN: skip disk-space check
[2026-02-27T05:54:11Z] DRY-RUN: skip Docker install checks
[2026-02-27T05:54:11Z] DRY-RUN: would verify tcp port 2222 is free
[2026-02-27T05:54:11Z] DRY-RUN: would verify tcp port 8080 is free
[2026-02-27T05:54:11Z] DRY-RUN: would verify tcp port 6667 is free
[2026-02-27T05:54:11Z] DRY-RUN: would verify tcp port 8091 is free
[2026-02-27T05:54:11Z] DRY-RUN: create directory /Users/seanheiney/.local/share/wolfbbs
[2026-02-27T05:54:11Z] DRY-RUN: would write /Users/seanheiney/.local/share/wolfbbs/.env
[2026-02-27T05:54:11Z] DRY-RUN: skipping sysop user seeding check
[2026-02-27T05:54:11Z] DRY-RUN: would start compose services
[2026-02-27T05:54:11Z] DRY-RUN: skip runtime checks.
[2026-02-27T05:54:11Z] Detected platform: os=macos distro=macos like=n/a arch=arm64 pkg=brew
[2026-02-27T05:54:11Z] DRY-RUN: skip disk-space check
[2026-02-27T05:54:11Z] DRY-RUN: skip Docker install checks
[2026-02-27T05:54:11Z] Detected platform: os=macos distro=macos like=n/a arch=arm64 pkg=brew
[2026-02-27T05:54:11Z] DRY-RUN: skip disk-space check
[2026-02-27T05:54:11Z] DRY-RUN: skip Docker install checks
[2026-02-27T05:54:11Z] DRY-RUN: would verify tcp port 2222 is free
[2026-02-27T05:54:11Z] DRY-RUN: would verify tcp port 8080 is free
[2026-02-27T05:54:11Z] DRY-RUN: would verify tcp port 6667 is free
[2026-02-27T05:54:11Z] DRY-RUN: would verify tcp port 8091 is free
[2026-02-27T05:54:11Z] DRY-RUN: create directory /Users/seanheiney/.local/share/wolfbbs
[2026-02-27T05:54:11Z] DRY-RUN: would write /Users/seanheiney/.local/share/wolfbbs/.env
[2026-02-27T05:54:11Z] DRY-RUN: skipping sysop user seeding check
[2026-02-27T05:54:11Z] DRY-RUN: would start compose services
[2026-02-27T05:54:11Z] DRY-RUN: skip runtime checks.
[2026-02-27T05:54:11Z] Detected platform: os=macos distro=macos like=n/a arch=arm64 pkg=brew
[2026-02-27T05:54:11Z] DRY-RUN: skip disk-space check
[2026-02-27T05:54:11Z] DRY-RUN: skip Docker install checks
[2026-02-27T05:54:11Z] DRY-RUN: would verify tcp port 2222 is free
[2026-02-27T05:54:11Z] DRY-RUN: would verify tcp port 8080 is free
[2026-02-27T05:54:11Z] DRY-RUN: would verify tcp port 6667 is free
[2026-02-27T05:54:11Z] DRY-RUN: would verify tcp port 8091 is free
[2026-02-27T05:54:11Z] DRY-RUN: create directory /Users/seanheiney/.local/share/wolfbbs
[2026-02-27T05:54:11Z] DRY-RUN: would write /Users/seanheiney/.local/share/wolfbbs/.env
[2026-02-27T05:54:11Z] DRY-RUN: skipping sysop user seeding check
[2026-02-27T05:54:11Z] DRY-RUN: would start compose services
[2026-02-27T05:54:11Z] DRY-RUN: skip runtime checks.
[2026-02-27T05:58:02Z] Detected platform: os=macos distro=macos like=n/a arch=arm64 pkg=brew
[2026-02-27T05:58:03Z] DRY-RUN: skip disk-space check
[2026-02-27T05:58:03Z] DRY-RUN: skip Docker install checks
[2026-02-27T05:58:03Z] DRY-RUN: would verify tcp port 2222 is free
[2026-02-27T05:58:03Z] DRY-RUN: would verify tcp port 8080 is free
[2026-02-27T05:58:03Z] DRY-RUN: would verify tcp port 6667 is free
[2026-02-27T05:58:03Z] DRY-RUN: would verify tcp port 8091 is free
[2026-02-27T05:58:03Z] DRY-RUN: create directory /Users/seanheiney/.local/share/wolfbbs
[2026-02-27T05:58:03Z] DRY-RUN: would write /Users/seanheiney/.local/share/wolfbbs/.env
[2026-02-27T05:58:03Z] DRY-RUN: skipping sysop user seeding check
[2026-02-27T05:58:03Z] DRY-RUN: would start compose services
[2026-02-27T05:58:03Z] DRY-RUN: skip runtime checks.
[2026-02-27T05:58:03Z] Detected platform: os=macos distro=macos like=n/a arch=arm64 pkg=brew
[2026-02-27T05:58:03Z] DRY-RUN: skip disk-space check
[2026-02-27T05:58:03Z] DRY-RUN: skip Docker install checks
[2026-02-27T05:58:03Z] Detected platform: os=macos distro=macos like=n/a arch=arm64 pkg=brew
[2026-02-27T05:58:03Z] DRY-RUN: skip disk-space check
[2026-02-27T05:58:03Z] DRY-RUN: skip Docker install checks
[2026-02-27T05:58:03Z] DRY-RUN: would verify tcp port 2222 is free
[2026-02-27T05:58:03Z] DRY-RUN: would verify tcp port 8080 is free
[2026-02-27T05:58:03Z] DRY-RUN: would verify tcp port 6667 is free
[2026-02-27T05:58:03Z] DRY-RUN: would verify tcp port 8091 is free
[2026-02-27T05:58:03Z] DRY-RUN: create directory /Users/seanheiney/.local/share/wolfbbs
[2026-02-27T05:58:03Z] DRY-RUN: would write /Users/seanheiney/.local/share/wolfbbs/.env
[2026-02-27T05:58:03Z] DRY-RUN: skipping sysop user seeding check
[2026-02-27T05:58:03Z] DRY-RUN: would start compose services
[2026-02-27T05:58:03Z] DRY-RUN: skip runtime checks.
[2026-02-27T05:58:03Z] Detected platform: os=macos distro=macos like=n/a arch=arm64 pkg=brew
[2026-02-27T05:58:03Z] DRY-RUN: skip disk-space check
[2026-02-27T05:58:03Z] DRY-RUN: skip Docker install checks
[2026-02-27T05:58:03Z] DRY-RUN: would verify tcp port 2222 is free
[2026-02-27T05:58:03Z] DRY-RUN: would verify tcp port 8080 is free
[2026-02-27T05:58:03Z] DRY-RUN: would verify tcp port 6667 is free
[2026-02-27T05:58:03Z] DRY-RUN: would verify tcp port 8091 is free
[2026-02-27T05:58:03Z] DRY-RUN: create directory /Users/seanheiney/.local/share/wolfbbs
[2026-02-27T05:58:03Z] DRY-RUN: would write /Users/seanheiney/.local/share/wolfbbs/.env
[2026-02-27T05:58:03Z] DRY-RUN: skipping sysop user seeding check
[2026-02-27T05:58:03Z] DRY-RUN: would start compose services
[2026-02-27T05:58:03Z] DRY-RUN: skip runtime checks.
[2026-02-27T06:06:26Z] Detected platform: os=macos distro=macos like=n/a arch=arm64 pkg=brew
[2026-02-27T06:06:27Z] DRY-RUN: skip disk-space check
[2026-02-27T06:06:27Z] DRY-RUN: skip Docker install checks
[2026-02-27T06:06:27Z] DRY-RUN: would verify tcp port 2222 is free
[2026-02-27T06:06:27Z] DRY-RUN: would verify tcp port 8080 is free
[2026-02-27T06:06:27Z] DRY-RUN: would verify tcp port 6667 is free
[2026-02-27T06:06:27Z] DRY-RUN: would verify tcp port 8091 is free
[2026-02-27T06:06:27Z] DRY-RUN: create directory /Users/seanheiney/.local/share/wolfbbs
[2026-02-27T06:06:27Z] DRY-RUN: would write /Users/seanheiney/.local/share/wolfbbs/.env
[2026-02-27T06:06:27Z] DRY-RUN: skipping sysop user seeding check
[2026-02-27T06:06:27Z] DRY-RUN: would start compose services
[2026-02-27T06:06:27Z] DRY-RUN: skip runtime checks.
[2026-02-27T06:06:27Z] Detected platform: os=macos distro=macos like=n/a arch=arm64 pkg=brew
[2026-02-27T06:06:27Z] DRY-RUN: skip disk-space check
[2026-02-27T06:06:27Z] DRY-RUN: skip Docker install checks
[2026-02-27T06:06:27Z] Detected platform: os=macos distro=macos like=n/a arch=arm64 pkg=brew
[2026-02-27T06:06:27Z] DRY-RUN: skip disk-space check
[2026-02-27T06:06:27Z] DRY-RUN: skip Docker install checks
[2026-02-27T06:06:27Z] DRY-RUN: would verify tcp port 2222 is free
[2026-02-27T06:06:27Z] DRY-RUN: would verify tcp port 8080 is free
[2026-02-27T06:06:27Z] DRY-RUN: would verify tcp port 6667 is free
[2026-02-27T06:06:27Z] DRY-RUN: would verify tcp port 8091 is free
[2026-02-27T06:06:27Z] DRY-RUN: create directory /Users/seanheiney/.local/share/wolfbbs
[2026-02-27T06:06:27Z] DRY-RUN: would write /Users/seanheiney/.local/share/wolfbbs/.env
[2026-02-27T06:06:27Z] DRY-RUN: skipping sysop user seeding check
[2026-02-27T06:06:27Z] DRY-RUN: would start compose services
[2026-02-27T06:06:27Z] DRY-RUN: skip runtime checks.
[2026-02-27T06:06:27Z] Detected platform: os=macos distro=macos like=n/a arch=arm64 pkg=brew
[2026-02-27T06:06:27Z] DRY-RUN: skip disk-space check
[2026-02-27T06:06:27Z] DRY-RUN: skip Docker install checks
[2026-02-27T06:06:27Z] DRY-RUN: would verify tcp port 2222 is free
[2026-02-27T06:06:27Z] DRY-RUN: would verify tcp port 8080 is free
[2026-02-27T06:06:27Z] DRY-RUN: would verify tcp port 6667 is free
[2026-02-27T06:06:27Z] DRY-RUN: would verify tcp port 8091 is free
[2026-02-27T06:06:27Z] DRY-RUN: create directory /Users/seanheiney/.local/share/wolfbbs
[2026-02-27T06:06:27Z] DRY-RUN: would write /Users/seanheiney/.local/share/wolfbbs/.env
[2026-02-27T06:06:27Z] DRY-RUN: skipping sysop user seeding check
[2026-02-27T06:06:27Z] DRY-RUN: would start compose services
[2026-02-27T06:06:27Z] DRY-RUN: skip runtime checks.
[2026-02-27T06:06:32Z] Detected platform: os=macos distro=macos like=n/a arch=arm64 pkg=brew
[2026-02-27T06:06:32Z] DRY-RUN: skip disk-space check
[2026-02-27T06:06:32Z] DRY-RUN: skip Docker install checks
[2026-02-27T06:06:32Z] DRY-RUN: would verify tcp port 2222 is free
[2026-02-27T06:06:32Z] DRY-RUN: would verify tcp port 8080 is free
[2026-02-27T06:06:32Z] DRY-RUN: would verify tcp port 6667 is free
[2026-02-27T06:06:32Z] DRY-RUN: would verify tcp port 8091 is free
[2026-02-27T06:06:32Z] DRY-RUN: create directory /Users/seanheiney/.local/share/wolfbbs
[2026-02-27T06:06:32Z] DRY-RUN: would write /Users/seanheiney/.local/share/wolfbbs/.env
[2026-02-27T06:06:32Z] DRY-RUN: skipping sysop user seeding check
[2026-02-27T06:06:32Z] DRY-RUN: would start compose services
[2026-02-27T06:06:32Z] DRY-RUN: skip runtime checks.
[2026-02-27T06:06:32Z] Detected platform: os=macos distro=macos like=n/a arch=arm64 pkg=brew
[2026-02-27T06:06:32Z] DRY-RUN: skip disk-space check
[2026-02-27T06:06:32Z] DRY-RUN: skip Docker install checks
[2026-02-27T06:06:32Z] Detected platform: os=macos distro=macos like=n/a arch=arm64 pkg=brew
[2026-02-27T06:06:32Z] DRY-RUN: skip disk-space check
[2026-02-27T06:06:32Z] DRY-RUN: skip Docker install checks
[2026-02-27T06:06:32Z] DRY-RUN: would verify tcp port 2222 is free
[2026-02-27T06:06:32Z] DRY-RUN: would verify tcp port 8080 is free
[2026-02-27T06:06:32Z] DRY-RUN: would verify tcp port 6667 is free
[2026-02-27T06:06:32Z] DRY-RUN: would verify tcp port 8091 is free
[2026-02-27T06:06:32Z] DRY-RUN: create directory /Users/seanheiney/.local/share/wolfbbs
[2026-02-27T06:06:32Z] DRY-RUN: would write /Users/seanheiney/.local/share/wolfbbs/.env
[2026-02-27T06:06:32Z] DRY-RUN: skipping sysop user seeding check
[2026-02-27T06:06:32Z] DRY-RUN: would start compose services
[2026-02-27T06:06:32Z] DRY-RUN: skip runtime checks.
[2026-02-27T06:06:32Z] Detected platform: os=macos distro=macos like=n/a arch=arm64 pkg=brew
[2026-02-27T06:06:32Z] DRY-RUN: skip disk-space check
[2026-02-27T06:06:32Z] DRY-RUN: skip Docker install checks
[2026-02-27T06:06:32Z] DRY-RUN: would verify tcp port 2222 is free
[2026-02-27T06:06:32Z] DRY-RUN: would verify tcp port 8080 is free
[2026-02-27T06:06:32Z] DRY-RUN: would verify tcp port 6667 is free
[2026-02-27T06:06:32Z] DRY-RUN: would verify tcp port 8091 is free
[2026-02-27T06:06:32Z] DRY-RUN: create directory /Users/seanheiney/.local/share/wolfbbs
[2026-02-27T06:06:32Z] DRY-RUN: would write /Users/seanheiney/.local/share/wolfbbs/.env
[2026-02-27T06:06:32Z] DRY-RUN: skipping sysop user seeding check
[2026-02-27T06:06:32Z] DRY-RUN: would start compose services
[2026-02-27T06:06:32Z] DRY-RUN: skip runtime checks.
[2026-02-27T06:15:26Z] Detected platform: os=macos distro=macos like=n/a arch=arm64 pkg=brew
[2026-02-27T06:15:26Z] DRY-RUN: skip disk-space check
[2026-02-27T06:15:26Z] DRY-RUN: skip Docker install checks
[2026-02-27T06:15:26Z] DRY-RUN: would verify tcp port 2222 is free
[2026-02-27T06:15:26Z] DRY-RUN: would verify tcp port 8080 is free
[2026-02-27T06:15:26Z] DRY-RUN: would verify tcp port 6667 is free
[2026-02-27T06:15:26Z] DRY-RUN: would verify tcp port 8091 is free
[2026-02-27T06:15:26Z] DRY-RUN: create directory /Users/seanheiney/.local/share/wolfbbs
[2026-02-27T06:15:26Z] DRY-RUN: would write /Users/seanheiney/.local/share/wolfbbs/.env
[2026-02-27T06:15:26Z] DRY-RUN: skipping sysop user seeding check
[2026-02-27T06:15:26Z] DRY-RUN: would start compose services
[2026-02-27T06:15:26Z] DRY-RUN: skip runtime checks.
[2026-02-27T06:15:26Z] Detected platform: os=macos distro=macos like=n/a arch=arm64 pkg=brew
[2026-02-27T06:15:26Z] DRY-RUN: skip disk-space check
[2026-02-27T06:15:26Z] DRY-RUN: skip Docker install checks
[2026-02-27T06:15:26Z] Detected platform: os=macos distro=macos like=n/a arch=arm64 pkg=brew
[2026-02-27T06:15:26Z] DRY-RUN: skip disk-space check
[2026-02-27T06:15:26Z] DRY-RUN: skip Docker install checks
[2026-02-27T06:15:26Z] DRY-RUN: would verify tcp port 2222 is free
[2026-02-27T06:15:26Z] DRY-RUN: would verify tcp port 8080 is free
[2026-02-27T06:15:26Z] DRY-RUN: would verify tcp port 6667 is free
[2026-02-27T06:15:26Z] DRY-RUN: would verify tcp port 8091 is free
[2026-02-27T06:15:26Z] DRY-RUN: create directory /Users/seanheiney/.local/share/wolfbbs
[2026-02-27T06:15:26Z] DRY-RUN: would write /Users/seanheiney/.local/share/wolfbbs/.env
[2026-02-27T06:15:26Z] DRY-RUN: skipping sysop user seeding check
[2026-02-27T06:15:26Z] DRY-RUN: would start compose services
[2026-02-27T06:15:26Z] DRY-RUN: skip runtime checks.
[2026-02-27T06:15:26Z] Detected platform: os=macos distro=macos like=n/a arch=arm64 pkg=brew
[2026-02-27T06:15:26Z] DRY-RUN: skip disk-space check
[2026-02-27T06:15:26Z] DRY-RUN: skip Docker install checks
[2026-02-27T06:15:26Z] DRY-RUN: would verify tcp port 2222 is free
[2026-02-27T06:15:26Z] DRY-RUN: would verify tcp port 8080 is free
[2026-02-27T06:15:26Z] DRY-RUN: would verify tcp port 6667 is free
[2026-02-27T06:15:26Z] DRY-RUN: would verify tcp port 8091 is free
[2026-02-27T06:15:26Z] DRY-RUN: create directory /Users/seanheiney/.local/share/wolfbbs
[2026-02-27T06:15:26Z] DRY-RUN: would write /Users/seanheiney/.local/share/wolfbbs/.env
[2026-02-27T06:15:26Z] DRY-RUN: skipping sysop user seeding check
[2026-02-27T06:15:26Z] DRY-RUN: would start compose services
[2026-02-27T06:15:26Z] DRY-RUN: skip runtime checks.
[2026-02-27T06:20:30Z] Detected platform: os=macos distro=macos like=n/a arch=arm64 pkg=brew
[2026-02-27T06:20:31Z] DRY-RUN: skip disk-space check
[2026-02-27T06:20:31Z] DRY-RUN: skip Docker install checks
[2026-02-27T06:20:31Z] DRY-RUN: would verify tcp port 2222 is free
[2026-02-27T06:20:31Z] DRY-RUN: would verify tcp port 8080 is free
[2026-02-27T06:20:31Z] DRY-RUN: would verify tcp port 6667 is free
[2026-02-27T06:20:32Z] DRY-RUN: would verify tcp port 8091 is free
[2026-02-27T06:20:32Z] DRY-RUN: create directory /Users/seanheiney/.local/share/wolfbbs
[2026-02-27T06:20:32Z] DRY-RUN: would write /Users/seanheiney/.local/share/wolfbbs/.env
[2026-02-27T06:20:32Z] DRY-RUN: skipping sysop user seeding check
[2026-02-27T06:20:32Z] DRY-RUN: would start compose services
[2026-02-27T06:20:32Z] DRY-RUN: skip runtime checks.
[2026-02-27T06:20:32Z] Detected platform: os=macos distro=macos like=n/a arch=arm64 pkg=brew
[2026-02-27T06:20:32Z] DRY-RUN: skip disk-space check
[2026-02-27T06:20:32Z] DRY-RUN: skip Docker install checks
[2026-02-27T06:20:32Z] Detected platform: os=macos distro=macos like=n/a arch=arm64 pkg=brew
[2026-02-27T06:20:32Z] DRY-RUN: skip disk-space check
[2026-02-27T06:20:32Z] DRY-RUN: skip Docker install checks
[2026-02-27T06:20:32Z] DRY-RUN: would verify tcp port 2222 is free
[2026-02-27T06:20:32Z] DRY-RUN: would verify tcp port 8080 is free
[2026-02-27T06:20:32Z] DRY-RUN: would verify tcp port 6667 is free
[2026-02-27T06:20:32Z] DRY-RUN: would verify tcp port 8091 is free
[2026-02-27T06:20:32Z] DRY-RUN: create directory /Users/seanheiney/.local/share/wolfbbs
[2026-02-27T06:20:32Z] DRY-RUN: would write /Users/seanheiney/.local/share/wolfbbs/.env
[2026-02-27T06:20:32Z] DRY-RUN: skipping sysop user seeding check
[2026-02-27T06:20:32Z] DRY-RUN: would start compose services
[2026-02-27T06:20:32Z] DRY-RUN: skip runtime checks.
[2026-02-27T06:20:32Z] Detected platform: os=macos distro=macos like=n/a arch=arm64 pkg=brew
[2026-02-27T06:20:32Z] DRY-RUN: skip disk-space check
[2026-02-27T06:20:32Z] DRY-RUN: skip Docker install checks
[2026-02-27T06:20:32Z] DRY-RUN: would verify tcp port 2222 is free
[2026-02-27T06:20:32Z] DRY-RUN: would verify tcp port 8080 is free
[2026-02-27T06:20:32Z] DRY-RUN: would verify tcp port 6667 is free
[2026-02-27T06:20:32Z] DRY-RUN: would verify tcp port 8091 is free
[2026-02-27T06:20:32Z] DRY-RUN: create directory /Users/seanheiney/.local/share/wolfbbs
[2026-02-27T06:20:32Z] DRY-RUN: would write /Users/seanheiney/.local/share/wolfbbs/.env
[2026-02-27T06:20:32Z] DRY-RUN: skipping sysop user seeding check
[2026-02-27T06:20:32Z] DRY-RUN: would start compose services
[2026-02-27T06:20:32Z] DRY-RUN: skip runtime checks.
[2026-02-27T06:21:15Z] Detected platform: os=macos distro=macos like=n/a arch=arm64 pkg=brew
[2026-02-27T06:21:15Z] DRY-RUN: skip disk-space check
[2026-02-27T06:21:15Z] DRY-RUN: skip Docker install checks
[2026-02-27T06:21:15Z] DRY-RUN: would verify tcp port 2222 is free
[2026-02-27T06:21:15Z] DRY-RUN: would verify tcp port 8080 is free
[2026-02-27T06:21:15Z] DRY-RUN: would verify tcp port 6667 is free
[2026-02-27T06:21:15Z] DRY-RUN: would verify tcp port 8091 is free
[2026-02-27T06:21:15Z] DRY-RUN: create directory /Users/seanheiney/.local/share/wolfbbs
[2026-02-27T06:21:16Z] DRY-RUN: would write /Users/seanheiney/.local/share/wolfbbs/.env
[2026-02-27T06:21:16Z] DRY-RUN: skipping sysop user seeding check
[2026-02-27T06:21:16Z] DRY-RUN: would start compose services
[2026-02-27T06:21:16Z] DRY-RUN: skip runtime checks.
[2026-02-27T06:21:16Z] Detected platform: os=macos distro=macos like=n/a arch=arm64 pkg=brew
[2026-02-27T06:21:16Z] DRY-RUN: skip disk-space check
[2026-02-27T06:21:16Z] DRY-RUN: skip Docker install checks
[2026-02-27T06:21:16Z] Detected platform: os=macos distro=macos like=n/a arch=arm64 pkg=brew
[2026-02-27T06:21:16Z] DRY-RUN: skip disk-space check
[2026-02-27T06:21:16Z] DRY-RUN: skip Docker install checks
[2026-02-27T06:21:16Z] DRY-RUN: would verify tcp port 2222 is free
[2026-02-27T06:21:16Z] DRY-RUN: would verify tcp port 8080 is free
[2026-02-27T06:21:16Z] DRY-RUN: would verify tcp port 6667 is free
[2026-02-27T06:21:16Z] DRY-RUN: would verify tcp port 8091 is free
[2026-02-27T06:21:16Z] DRY-RUN: create directory /Users/seanheiney/.local/share/wolfbbs
[2026-02-27T06:21:16Z] DRY-RUN: would write /Users/seanheiney/.local/share/wolfbbs/.env
[2026-02-27T06:21:16Z] DRY-RUN: skipping sysop user seeding check
[2026-02-27T06:21:16Z] DRY-RUN: would start compose services
[2026-02-27T06:21:16Z] DRY-RUN: skip runtime checks.
[2026-02-27T06:21:16Z] Detected platform: os=macos distro=macos like=n/a arch=arm64 pkg=brew
[2026-02-27T06:21:16Z] DRY-RUN: skip disk-space check
[2026-02-27T06:21:16Z] DRY-RUN: skip Docker install checks
[2026-02-27T06:21:16Z] DRY-RUN: would verify tcp port 2222 is free
[2026-02-27T06:21:16Z] DRY-RUN: would verify tcp port 8080 is free
[2026-02-27T06:21:16Z] DRY-RUN: would verify tcp port 6667 is free
[2026-02-27T06:21:16Z] DRY-RUN: would verify tcp port 8091 is free
[2026-02-27T06:21:16Z] DRY-RUN: create directory /Users/seanheiney/.local/share/wolfbbs
[2026-02-27T06:21:16Z] DRY-RUN: would write /Users/seanheiney/.local/share/wolfbbs/.env
[2026-02-27T06:21:16Z] DRY-RUN: skipping sysop user seeding check
[2026-02-27T06:21:16Z] DRY-RUN: would start compose services
[2026-02-27T06:21:16Z] DRY-RUN: skip runtime checks.
[2026-02-27T06:36:23Z] Detected platform: os=macos distro=macos like=n/a arch=arm64 pkg=brew
[2026-02-27T06:36:23Z] DRY-RUN: skip disk-space check
[2026-02-27T06:36:23Z] DRY-RUN: skip Docker install checks
[2026-02-27T06:36:23Z] DRY-RUN: would verify tcp port 2222 is free
[2026-02-27T06:36:23Z] DRY-RUN: would verify tcp port 8080 is free
[2026-02-27T06:36:23Z] DRY-RUN: would verify tcp port 6667 is free
[2026-02-27T06:36:23Z] DRY-RUN: would verify tcp port 8091 is free
[2026-02-27T06:36:23Z] DRY-RUN: create directory /Users/seanheiney/.local/share/wolfbbs
[2026-02-27T06:36:23Z] DRY-RUN: would write /Users/seanheiney/.local/share/wolfbbs/.env
[2026-02-27T06:36:23Z] DRY-RUN: skipping sysop user seeding check
[2026-02-27T06:36:23Z] DRY-RUN: would start compose services
[2026-02-27T06:36:23Z] DRY-RUN: skip runtime checks.
[2026-02-27T06:36:23Z] Detected platform: os=macos distro=macos like=n/a arch=arm64 pkg=brew
[2026-02-27T06:36:23Z] DRY-RUN: skip disk-space check
[2026-02-27T06:36:23Z] DRY-RUN: skip Docker install checks
[2026-02-27T06:36:23Z] Detected platform: os=macos distro=macos like=n/a arch=arm64 pkg=brew
[2026-02-27T06:36:23Z] DRY-RUN: skip disk-space check
[2026-02-27T06:36:23Z] DRY-RUN: skip Docker install checks
[2026-02-27T06:36:23Z] DRY-RUN: would verify tcp port 2222 is free
[2026-02-27T06:36:23Z] DRY-RUN: would verify tcp port 8080 is free
[2026-02-27T06:36:23Z] DRY-RUN: would verify tcp port 6667 is free
[2026-02-27T06:36:23Z] DRY-RUN: would verify tcp port 8091 is free
[2026-02-27T06:36:23Z] DRY-RUN: create directory /Users/seanheiney/.local/share/wolfbbs
[2026-02-27T06:36:23Z] DRY-RUN: would write /Users/seanheiney/.local/share/wolfbbs/.env
[2026-02-27T06:36:23Z] DRY-RUN: skipping sysop user seeding check
[2026-02-27T06:36:23Z] DRY-RUN: would start compose services
[2026-02-27T06:36:23Z] DRY-RUN: skip runtime checks.
[2026-02-27T06:36:23Z] Detected platform: os=macos distro=macos like=n/a arch=arm64 pkg=brew
[2026-02-27T06:36:23Z] DRY-RUN: skip disk-space check
[2026-02-27T06:36:23Z] DRY-RUN: skip Docker install checks
[2026-02-27T06:36:23Z] DRY-RUN: would verify tcp port 2222 is free
[2026-02-27T06:36:23Z] DRY-RUN: would verify tcp port 8080 is free
[2026-02-27T06:36:23Z] DRY-RUN: would verify tcp port 6667 is free
[2026-02-27T06:36:23Z] DRY-RUN: would verify tcp port 8091 is free
[2026-02-27T06:36:23Z] DRY-RUN: create directory /Users/seanheiney/.local/share/wolfbbs
[2026-02-27T06:36:23Z] DRY-RUN: would write /Users/seanheiney/.local/share/wolfbbs/.env
[2026-02-27T06:36:23Z] DRY-RUN: skipping sysop user seeding check
[2026-02-27T06:36:23Z] DRY-RUN: would start compose services
[2026-02-27T06:36:23Z] DRY-RUN: skip runtime checks.
[2026-02-27T06:36:28Z] Detected platform: os=macos distro=macos like=n/a arch=arm64 pkg=brew
[2026-02-27T06:36:28Z] DRY-RUN: skip disk-space check
[2026-02-27T06:36:28Z] DRY-RUN: skip Docker install checks
[2026-02-27T06:36:28Z] DRY-RUN: would verify tcp port 2222 is free
[2026-02-27T06:36:28Z] DRY-RUN: would verify tcp port 8080 is free
[2026-02-27T06:36:28Z] DRY-RUN: would verify tcp port 6667 is free
[2026-02-27T06:36:28Z] DRY-RUN: would verify tcp port 8091 is free
[2026-02-27T06:36:28Z] DRY-RUN: create directory /Users/seanheiney/.local/share/wolfbbs
[2026-02-27T06:36:28Z] DRY-RUN: would write /Users/seanheiney/.local/share/wolfbbs/.env
[2026-02-27T06:36:28Z] DRY-RUN: skipping sysop user seeding check
[2026-02-27T06:36:28Z] DRY-RUN: would start compose services
[2026-02-27T06:36:28Z] DRY-RUN: skip runtime checks.
[2026-02-27T06:36:28Z] Detected platform: os=macos distro=macos like=n/a arch=arm64 pkg=brew
[2026-02-27T06:36:28Z] DRY-RUN: skip disk-space check
[2026-02-27T06:36:28Z] DRY-RUN: skip Docker install checks
[2026-02-27T06:36:28Z] Detected platform: os=macos distro=macos like=n/a arch=arm64 pkg=brew
[2026-02-27T06:36:28Z] DRY-RUN: skip disk-space check
[2026-02-27T06:36:28Z] DRY-RUN: skip Docker install checks
[2026-02-27T06:36:28Z] DRY-RUN: would verify tcp port 2222 is free
[2026-02-27T06:36:28Z] DRY-RUN: would verify tcp port 8080 is free
[2026-02-27T06:36:28Z] DRY-RUN: would verify tcp port 6667 is free
[2026-02-27T06:36:28Z] DRY-RUN: would verify tcp port 8091 is free
[2026-02-27T06:36:28Z] DRY-RUN: create directory /Users/seanheiney/.local/share/wolfbbs
[2026-02-27T06:36:28Z] DRY-RUN: would write /Users/seanheiney/.local/share/wolfbbs/.env
[2026-02-27T06:36:28Z] DRY-RUN: skipping sysop user seeding check
[2026-02-27T06:36:28Z] DRY-RUN: would start compose services
[2026-02-27T06:36:28Z] DRY-RUN: skip runtime checks.
[2026-02-27T06:36:28Z] Detected platform: os=macos distro=macos like=n/a arch=arm64 pkg=brew
[2026-02-27T06:36:28Z] DRY-RUN: skip disk-space check
[2026-02-27T06:36:28Z] DRY-RUN: skip Docker install checks
[2026-02-27T06:36:28Z] DRY-RUN: would verify tcp port 2222 is free
[2026-02-27T06:36:28Z] DRY-RUN: would verify tcp port 8080 is free
[2026-02-27T06:36:28Z] DRY-RUN: would verify tcp port 6667 is free
[2026-02-27T06:36:28Z] DRY-RUN: would verify tcp port 8091 is free
[2026-02-27T06:36:28Z] DRY-RUN: create directory /Users/seanheiney/.local/share/wolfbbs
[2026-02-27T06:36:28Z] DRY-RUN: would write /Users/seanheiney/.local/share/wolfbbs/.env
[2026-02-27T06:36:28Z] DRY-RUN: skipping sysop user seeding check
[2026-02-27T06:36:28Z] DRY-RUN: would start compose services
[2026-02-27T06:36:28Z] DRY-RUN: skip runtime checks.
[2026-02-27T06:40:16Z] Detected platform: os=macos distro=macos like=n/a arch=arm64 pkg=brew
[2026-02-27T06:40:16Z] DRY-RUN: skip disk-space check
[2026-02-27T06:40:16Z] DRY-RUN: skip Docker install checks
[2026-02-27T06:40:16Z] DRY-RUN: would verify tcp port 2222 is free
[2026-02-27T06:40:16Z] DRY-RUN: would verify tcp port 8080 is free
[2026-02-27T06:40:17Z] DRY-RUN: would verify tcp port 6667 is free
[2026-02-27T06:40:17Z] DRY-RUN: would verify tcp port 8091 is free
[2026-02-27T06:40:17Z] DRY-RUN: create directory /Users/seanheiney/.local/share/wolfbbs
[2026-02-27T06:40:17Z] DRY-RUN: would write /Users/seanheiney/.local/share/wolfbbs/.env
[2026-02-27T06:40:17Z] DRY-RUN: skipping sysop user seeding check
[2026-02-27T06:40:17Z] DRY-RUN: would start compose services
[2026-02-27T06:40:17Z] DRY-RUN: skip runtime checks.
[2026-02-27T06:40:17Z] Detected platform: os=macos distro=macos like=n/a arch=arm64 pkg=brew
[2026-02-27T06:40:17Z] DRY-RUN: skip disk-space check
[2026-02-27T06:40:17Z] DRY-RUN: skip Docker install checks
[2026-02-27T06:40:17Z] Detected platform: os=macos distro=macos like=n/a arch=arm64 pkg=brew
[2026-02-27T06:40:17Z] DRY-RUN: skip disk-space check
[2026-02-27T06:40:17Z] DRY-RUN: skip Docker install checks
[2026-02-27T06:40:17Z] DRY-RUN: would verify tcp port 2222 is free
[2026-02-27T06:40:17Z] DRY-RUN: would verify tcp port 8080 is free
[2026-02-27T06:40:17Z] DRY-RUN: would verify tcp port 6667 is free
[2026-02-27T06:40:17Z] DRY-RUN: would verify tcp port 8091 is free
[2026-02-27T06:40:17Z] DRY-RUN: create directory /Users/seanheiney/.local/share/wolfbbs
[2026-02-27T06:40:17Z] DRY-RUN: would write /Users/seanheiney/.local/share/wolfbbs/.env
[2026-02-27T06:40:17Z] DRY-RUN: skipping sysop user seeding check
[2026-02-27T06:40:17Z] DRY-RUN: would start compose services
[2026-02-27T06:40:17Z] DRY-RUN: skip runtime checks.
[2026-02-27T06:40:17Z] Detected platform: os=macos distro=macos like=n/a arch=arm64 pkg=brew
[2026-02-27T06:40:17Z] DRY-RUN: skip disk-space check
[2026-02-27T06:40:17Z] DRY-RUN: skip Docker install checks
[2026-02-27T06:40:17Z] DRY-RUN: would verify tcp port 2222 is free
[2026-02-27T06:40:17Z] DRY-RUN: would verify tcp port 8080 is free
[2026-02-27T06:40:17Z] DRY-RUN: would verify tcp port 6667 is free
[2026-02-27T06:40:17Z] DRY-RUN: would verify tcp port 8091 is free
[2026-02-27T06:40:17Z] DRY-RUN: create directory /Users/seanheiney/.local/share/wolfbbs
[2026-02-27T06:40:17Z] DRY-RUN: would write /Users/seanheiney/.local/share/wolfbbs/.env
[2026-02-27T06:40:17Z] DRY-RUN: skipping sysop user seeding check
[2026-02-27T06:40:17Z] DRY-RUN: would start compose services
[2026-02-27T06:40:17Z] DRY-RUN: skip runtime checks.
[2026-02-27T06:59:12Z] Detected platform: os=macos distro=macos like=n/a arch=arm64 pkg=brew
[2026-02-27T06:59:12Z] DRY-RUN: skip disk-space check
[2026-02-27T06:59:12Z] DRY-RUN: skip Docker install checks
[2026-02-27T06:59:12Z] DRY-RUN: would verify tcp port 2222 is free
[2026-02-27T06:59:12Z] DRY-RUN: would verify tcp port 8080 is free
[2026-02-27T06:59:12Z] DRY-RUN: would verify tcp port 6667 is free
[2026-02-27T06:59:12Z] DRY-RUN: would verify tcp port 8091 is free
[2026-02-27T06:59:12Z] DRY-RUN: create directory /Users/seanheiney/.local/share/wolfbbs
[2026-02-27T06:59:12Z] DRY-RUN: would write /Users/seanheiney/.local/share/wolfbbs/.env
[2026-02-27T06:59:12Z] DRY-RUN: skipping sysop user seeding check
[2026-02-27T06:59:12Z] DRY-RUN: would start compose services
[2026-02-27T06:59:12Z] DRY-RUN: skip runtime checks.
[2026-02-27T06:59:13Z] Detected platform: os=macos distro=macos like=n/a arch=arm64 pkg=brew
[2026-02-27T06:59:13Z] DRY-RUN: skip disk-space check
[2026-02-27T06:59:13Z] DRY-RUN: skip Docker install checks
[2026-02-27T06:59:13Z] Detected platform: os=macos distro=macos like=n/a arch=arm64 pkg=brew
[2026-02-27T06:59:13Z] DRY-RUN: skip disk-space check
[2026-02-27T06:59:13Z] DRY-RUN: skip Docker install checks
[2026-02-27T06:59:13Z] DRY-RUN: would verify tcp port 2222 is free
[2026-02-27T06:59:13Z] DRY-RUN: would verify tcp port 8080 is free
[2026-02-27T06:59:13Z] DRY-RUN: would verify tcp port 6667 is free
[2026-02-27T06:59:13Z] DRY-RUN: would verify tcp port 8091 is free
[2026-02-27T06:59:13Z] DRY-RUN: create directory /Users/seanheiney/.local/share/wolfbbs
[2026-02-27T06:59:13Z] DRY-RUN: would write /Users/seanheiney/.local/share/wolfbbs/.env
[2026-02-27T06:59:13Z] DRY-RUN: skipping sysop user seeding check
[2026-02-27T06:59:13Z] DRY-RUN: would start compose services
[2026-02-27T06:59:13Z] DRY-RUN: skip runtime checks.
[2026-02-27T06:59:13Z] Detected platform: os=macos distro=macos like=n/a arch=arm64 pkg=brew
[2026-02-27T06:59:13Z] DRY-RUN: skip disk-space check
[2026-02-27T06:59:13Z] DRY-RUN: skip Docker install checks
[2026-02-27T06:59:13Z] DRY-RUN: would verify tcp port 2222 is free
[2026-02-27T06:59:13Z] DRY-RUN: would verify tcp port 8080 is free
[2026-02-27T06:59:13Z] DRY-RUN: would verify tcp port 6667 is free
[2026-02-27T06:59:13Z] DRY-RUN: would verify tcp port 8091 is free
[2026-02-27T06:59:13Z] DRY-RUN: create directory /Users/seanheiney/.local/share/wolfbbs
[2026-02-27T06:59:13Z] DRY-RUN: would write /Users/seanheiney/.local/share/wolfbbs/.env
[2026-02-27T06:59:13Z] DRY-RUN: skipping sysop user seeding check
[2026-02-27T06:59:13Z] DRY-RUN: would start compose services
[2026-02-27T06:59:13Z] DRY-RUN: skip runtime checks.
[2026-02-27T07:01:05Z] Detected platform: os=macos distro=macos like=n/a arch=arm64 pkg=brew
[2026-02-27T07:01:05Z] DRY-RUN: skip disk-space check
[2026-02-27T07:01:05Z] DRY-RUN: skip Docker install checks
[2026-02-27T07:01:05Z] DRY-RUN: would verify tcp port 2222 is free
[2026-02-27T07:01:05Z] DRY-RUN: would verify tcp port 8080 is free
[2026-02-27T07:01:05Z] DRY-RUN: would verify tcp port 6667 is free
[2026-02-27T07:01:05Z] DRY-RUN: would verify tcp port 8091 is free
[2026-02-27T07:01:05Z] DRY-RUN: create directory /Users/seanheiney/.local/share/wolfbbs
[2026-02-27T07:01:06Z] DRY-RUN: would write /Users/seanheiney/.local/share/wolfbbs/.env
[2026-02-27T07:01:06Z] DRY-RUN: skipping sysop user seeding check
[2026-02-27T07:01:06Z] DRY-RUN: would start compose services
[2026-02-27T07:01:06Z] DRY-RUN: skip runtime checks.
[2026-02-27T07:01:06Z] Detected platform: os=macos distro=macos like=n/a arch=arm64 pkg=brew
[2026-02-27T07:01:06Z] DRY-RUN: skip disk-space check
[2026-02-27T07:01:06Z] DRY-RUN: skip Docker install checks
[2026-02-27T07:01:06Z] Detected platform: os=macos distro=macos like=n/a arch=arm64 pkg=brew
[2026-02-27T07:01:06Z] DRY-RUN: skip disk-space check
[2026-02-27T07:01:06Z] DRY-RUN: skip Docker install checks
[2026-02-27T07:01:06Z] DRY-RUN: would verify tcp port 2222 is free
[2026-02-27T07:01:06Z] DRY-RUN: would verify tcp port 8080 is free
[2026-02-27T07:01:06Z] DRY-RUN: would verify tcp port 6667 is free
[2026-02-27T07:01:06Z] DRY-RUN: would verify tcp port 8091 is free
[2026-02-27T07:01:06Z] DRY-RUN: create directory /Users/seanheiney/.local/share/wolfbbs
[2026-02-27T07:01:06Z] DRY-RUN: would write /Users/seanheiney/.local/share/wolfbbs/.env
[2026-02-27T07:01:06Z] DRY-RUN: skipping sysop user seeding check
[2026-02-27T07:01:06Z] DRY-RUN: would start compose services
[2026-02-27T07:01:06Z] DRY-RUN: skip runtime checks.
[2026-02-27T07:01:06Z] Detected platform: os=macos distro=macos like=n/a arch=arm64 pkg=brew
[2026-02-27T07:01:06Z] DRY-RUN: skip disk-space check
[2026-02-27T07:01:06Z] DRY-RUN: skip Docker install checks
[2026-02-27T07:01:06Z] DRY-RUN: would verify tcp port 2222 is free
[2026-02-27T07:01:06Z] DRY-RUN: would verify tcp port 8080 is free
[2026-02-27T07:01:06Z] DRY-RUN: would verify tcp port 6667 is free
[2026-02-27T07:01:06Z] DRY-RUN: would verify tcp port 8091 is free
[2026-02-27T07:01:06Z] DRY-RUN: create directory /Users/seanheiney/.local/share/wolfbbs
[2026-02-27T07:01:06Z] DRY-RUN: would write /Users/seanheiney/.local/share/wolfbbs/.env
[2026-02-27T07:01:06Z] DRY-RUN: skipping sysop user seeding check
[2026-02-27T07:01:06Z] DRY-RUN: would start compose services
[2026-02-27T07:01:06Z] DRY-RUN: skip runtime checks.
[2026-02-27T07:26:22Z] Detected platform: os=macos distro=macos like=n/a arch=arm64 pkg=brew
[2026-02-27T07:26:22Z] DRY-RUN: skip disk-space check
[2026-02-27T07:26:22Z] DRY-RUN: skip Docker install checks
[2026-02-27T07:26:22Z] DRY-RUN: would verify tcp port 2222 is free
[2026-02-27T07:26:22Z] DRY-RUN: would verify tcp port 8080 is free
[2026-02-27T07:26:22Z] DRY-RUN: would verify tcp port 6667 is free
[2026-02-27T07:26:22Z] DRY-RUN: would verify tcp port 8091 is free
[2026-02-27T07:26:22Z] DRY-RUN: create directory /Users/seanheiney/.local/share/wolfbbs
[2026-02-27T07:26:23Z] DRY-RUN: would write /Users/seanheiney/.local/share/wolfbbs/.env
[2026-02-27T07:26:23Z] DRY-RUN: skipping sysop user seeding check
[2026-02-27T07:26:23Z] DRY-RUN: would start compose services
[2026-02-27T07:26:23Z] DRY-RUN: skip runtime checks.
[2026-02-27T07:26:23Z] Detected platform: os=macos distro=macos like=n/a arch=arm64 pkg=brew
[2026-02-27T07:26:23Z] DRY-RUN: skip disk-space check
[2026-02-27T07:26:23Z] DRY-RUN: skip Docker install checks
[2026-02-27T07:26:23Z] Detected platform: os=macos distro=macos like=n/a arch=arm64 pkg=brew
[2026-02-27T07:26:23Z] DRY-RUN: skip disk-space check
[2026-02-27T07:26:23Z] DRY-RUN: skip Docker install checks
[2026-02-27T07:26:23Z] DRY-RUN: would verify tcp port 2222 is free
[2026-02-27T07:26:23Z] DRY-RUN: would verify tcp port 8080 is free
[2026-02-27T07:26:23Z] DRY-RUN: would verify tcp port 6667 is free
[2026-02-27T07:26:23Z] DRY-RUN: would verify tcp port 8091 is free
[2026-02-27T07:26:23Z] DRY-RUN: create directory /Users/seanheiney/.local/share/wolfbbs
[2026-02-27T07:26:23Z] DRY-RUN: would write /Users/seanheiney/.local/share/wolfbbs/.env
[2026-02-27T07:26:23Z] DRY-RUN: skipping sysop user seeding check
[2026-02-27T07:26:23Z] DRY-RUN: would start compose services
[2026-02-27T07:26:23Z] DRY-RUN: skip runtime checks.
[2026-02-27T07:26:23Z] Detected platform: os=macos distro=macos like=n/a arch=arm64 pkg=brew
[2026-02-27T07:26:23Z] DRY-RUN: skip disk-space check
[2026-02-27T07:26:23Z] DRY-RUN: skip Docker install checks
[2026-02-27T07:26:23Z] DRY-RUN: would verify tcp port 2222 is free
[2026-02-27T07:26:23Z] DRY-RUN: would verify tcp port 8080 is free
[2026-02-27T07:26:23Z] DRY-RUN: would verify tcp port 6667 is free
[2026-02-27T07:26:23Z] DRY-RUN: would verify tcp port 8091 is free
[2026-02-27T07:26:23Z] DRY-RUN: create directory /Users/seanheiney/.local/share/wolfbbs
[2026-02-27T07:26:23Z] DRY-RUN: would write /Users/seanheiney/.local/share/wolfbbs/.env
[2026-02-27T07:26:23Z] DRY-RUN: skipping sysop user seeding check
[2026-02-27T07:26:23Z] DRY-RUN: would start compose services
[2026-02-27T07:26:23Z] DRY-RUN: skip runtime checks.
[2026-02-27T07:26:30Z] Detected platform: os=macos distro=macos like=n/a arch=arm64 pkg=brew
[2026-02-27T07:26:30Z] DRY-RUN: skip disk-space check
[2026-02-27T07:26:30Z] DRY-RUN: skip Docker install checks
[2026-02-27T07:26:30Z] DRY-RUN: would verify tcp port 2222 is free
[2026-02-27T07:26:30Z] DRY-RUN: would verify tcp port 8080 is free
[2026-02-27T07:26:30Z] DRY-RUN: would verify tcp port 6667 is free
[2026-02-27T07:26:30Z] DRY-RUN: would verify tcp port 8091 is free
[2026-02-27T07:26:30Z] DRY-RUN: create directory /Users/seanheiney/.local/share/wolfbbs
[2026-02-27T07:26:30Z] DRY-RUN: would write /Users/seanheiney/.local/share/wolfbbs/.env
[2026-02-27T07:26:30Z] DRY-RUN: skipping sysop user seeding check
[2026-02-27T07:26:30Z] DRY-RUN: would start compose services
[2026-02-27T07:26:30Z] DRY-RUN: skip runtime checks.
[2026-02-27T07:26:30Z] Detected platform: os=macos distro=macos like=n/a arch=arm64 pkg=brew
[2026-02-27T07:26:30Z] DRY-RUN: skip disk-space check
[2026-02-27T07:26:30Z] DRY-RUN: skip Docker install checks
[2026-02-27T07:26:30Z] Detected platform: os=macos distro=macos like=n/a arch=arm64 pkg=brew
[2026-02-27T07:26:30Z] DRY-RUN: skip disk-space check
[2026-02-27T07:26:30Z] DRY-RUN: skip Docker install checks
[2026-02-27T07:26:30Z] DRY-RUN: would verify tcp port 2222 is free
[2026-02-27T07:26:30Z] DRY-RUN: would verify tcp port 8080 is free
[2026-02-27T07:26:30Z] DRY-RUN: would verify tcp port 6667 is free
[2026-02-27T07:26:30Z] DRY-RUN: would verify tcp port 8091 is free
[2026-02-27T07:26:30Z] DRY-RUN: create directory /Users/seanheiney/.local/share/wolfbbs
[2026-02-27T07:26:30Z] DRY-RUN: would write /Users/seanheiney/.local/share/wolfbbs/.env
[2026-02-27T07:26:30Z] DRY-RUN: skipping sysop user seeding check
[2026-02-27T07:26:30Z] DRY-RUN: would start compose services
[2026-02-27T07:26:30Z] DRY-RUN: skip runtime checks.
[2026-02-27T07:26:30Z] Detected platform: os=macos distro=macos like=n/a arch=arm64 pkg=brew
[2026-02-27T07:26:30Z] DRY-RUN: skip disk-space check
[2026-02-27T07:26:30Z] DRY-RUN: skip Docker install checks
[2026-02-27T07:26:30Z] DRY-RUN: would verify tcp port 2222 is free
[2026-02-27T07:26:30Z] DRY-RUN: would verify tcp port 8080 is free
[2026-02-27T07:26:30Z] DRY-RUN: would verify tcp port 6667 is free
[2026-02-27T07:26:30Z] DRY-RUN: would verify tcp port 8091 is free
[2026-02-27T07:26:30Z] DRY-RUN: create directory /Users/seanheiney/.local/share/wolfbbs
[2026-02-27T07:26:30Z] DRY-RUN: would write /Users/seanheiney/.local/share/wolfbbs/.env
[2026-02-27T07:26:30Z] DRY-RUN: skipping sysop user seeding check
[2026-02-27T07:26:30Z] DRY-RUN: would start compose services
[2026-02-27T07:26:30Z] DRY-RUN: skip runtime checks.
[2026-02-27T07:34:15Z] Detected platform: os=macos distro=macos like=n/a arch=arm64 pkg=brew
[2026-02-27T07:34:16Z] DRY-RUN: skip disk-space check
[2026-02-27T07:34:16Z] DRY-RUN: skip Docker install checks
[2026-02-27T07:34:16Z] DRY-RUN: would verify tcp port 2222 is free
[2026-02-27T07:34:16Z] DRY-RUN: would verify tcp port 8080 is free
[2026-02-27T07:34:16Z] DRY-RUN: would verify tcp port 6667 is free
[2026-02-27T07:34:16Z] DRY-RUN: would verify tcp port 8091 is free
[2026-02-27T07:34:16Z] DRY-RUN: create directory /Users/seanheiney/.local/share/wolfbbs
[2026-02-27T07:34:16Z] DRY-RUN: would write /Users/seanheiney/.local/share/wolfbbs/.env
[2026-02-27T07:34:16Z] DRY-RUN: skipping sysop user seeding check
[2026-02-27T07:34:16Z] DRY-RUN: would start compose services
[2026-02-27T07:34:16Z] DRY-RUN: skip runtime checks.
[2026-02-27T07:34:16Z] Detected platform: os=macos distro=macos like=n/a arch=arm64 pkg=brew
[2026-02-27T07:34:16Z] DRY-RUN: skip disk-space check
[2026-02-27T07:34:16Z] DRY-RUN: skip Docker install checks
[2026-02-27T07:34:16Z] Detected platform: os=macos distro=macos like=n/a arch=arm64 pkg=brew
[2026-02-27T07:34:16Z] DRY-RUN: skip disk-space check
[2026-02-27T07:34:16Z] DRY-RUN: skip Docker install checks
[2026-02-27T07:34:16Z] DRY-RUN: would verify tcp port 2222 is free
[2026-02-27T07:34:16Z] DRY-RUN: would verify tcp port 8080 is free
[2026-02-27T07:34:16Z] DRY-RUN: would verify tcp port 6667 is free
[2026-02-27T07:34:16Z] DRY-RUN: would verify tcp port 8091 is free
[2026-02-27T07:34:16Z] DRY-RUN: create directory /Users/seanheiney/.local/share/wolfbbs
[2026-02-27T07:34:16Z] DRY-RUN: would write /Users/seanheiney/.local/share/wolfbbs/.env
[2026-02-27T07:34:16Z] DRY-RUN: skipping sysop user seeding check
[2026-02-27T07:34:16Z] DRY-RUN: would start compose services
[2026-02-27T07:34:16Z] DRY-RUN: skip runtime checks.
[2026-02-27T07:34:16Z] Detected platform: os=macos distro=macos like=n/a arch=arm64 pkg=brew
[2026-02-27T07:34:16Z] DRY-RUN: skip disk-space check
[2026-02-27T07:34:16Z] DRY-RUN: skip Docker install checks
[2026-02-27T07:34:16Z] DRY-RUN: would verify tcp port 2222 is free
[2026-02-27T07:34:16Z] DRY-RUN: would verify tcp port 8080 is free
[2026-02-27T07:34:16Z] DRY-RUN: would verify tcp port 6667 is free
[2026-02-27T07:34:16Z] DRY-RUN: would verify tcp port 8091 is free
[2026-02-27T07:34:16Z] DRY-RUN: create directory /Users/seanheiney/.local/share/wolfbbs
[2026-02-27T07:34:16Z] DRY-RUN: would write /Users/seanheiney/.local/share/wolfbbs/.env
[2026-02-27T07:34:16Z] DRY-RUN: skipping sysop user seeding check
[2026-02-27T07:34:16Z] DRY-RUN: would start compose services
[2026-02-27T07:34:16Z] DRY-RUN: skip runtime checks.
[2026-02-27T07:41:39Z] Detected platform: os=macos distro=macos like=n/a arch=arm64 pkg=brew
[2026-02-27T07:41:40Z] DRY-RUN: skip disk-space check
[2026-02-27T07:41:40Z] DRY-RUN: skip Docker install checks
[2026-02-27T07:41:40Z] DRY-RUN: would verify tcp port 2222 is free
[2026-02-27T07:41:40Z] DRY-RUN: would verify tcp port 8080 is free
[2026-02-27T07:41:40Z] DRY-RUN: would verify tcp port 6667 is free
[2026-02-27T07:41:40Z] DRY-RUN: would verify tcp port 8091 is free
[2026-02-27T07:41:40Z] DRY-RUN: create directory /Users/seanheiney/.local/share/wolfbbs
[2026-02-27T07:41:40Z] DRY-RUN: would write /Users/seanheiney/.local/share/wolfbbs/.env
[2026-02-27T07:41:40Z] DRY-RUN: skipping sysop user seeding check
[2026-02-27T07:41:40Z] DRY-RUN: would start compose services
[2026-02-27T07:41:40Z] DRY-RUN: skip runtime checks.
[2026-02-27T07:41:40Z] Detected platform: os=macos distro=macos like=n/a arch=arm64 pkg=brew
[2026-02-27T07:41:40Z] DRY-RUN: skip disk-space check
[2026-02-27T07:41:40Z] DRY-RUN: skip Docker install checks
[2026-02-27T07:41:40Z] Detected platform: os=macos distro=macos like=n/a arch=arm64 pkg=brew
[2026-02-27T07:41:40Z] DRY-RUN: skip disk-space check
[2026-02-27T07:41:40Z] DRY-RUN: skip Docker install checks
[2026-02-27T07:41:40Z] DRY-RUN: would verify tcp port 2222 is free
[2026-02-27T07:41:40Z] DRY-RUN: would verify tcp port 8080 is free
[2026-02-27T07:41:40Z] DRY-RUN: would verify tcp port 6667 is free
[2026-02-27T07:41:40Z] DRY-RUN: would verify tcp port 8091 is free
[2026-02-27T07:41:40Z] DRY-RUN: create directory /Users/seanheiney/.local/share/wolfbbs
[2026-02-27T07:41:40Z] DRY-RUN: would write /Users/seanheiney/.local/share/wolfbbs/.env
[2026-02-27T07:41:40Z] DRY-RUN: skipping sysop user seeding check
[2026-02-27T07:41:40Z] DRY-RUN: would start compose services
[2026-02-27T07:41:40Z] DRY-RUN: skip runtime checks.
[2026-02-27T07:41:40Z] Detected platform: os=macos distro=macos like=n/a arch=arm64 pkg=brew
[2026-02-27T07:41:40Z] DRY-RUN: skip disk-space check
[2026-02-27T07:41:40Z] DRY-RUN: skip Docker install checks
[2026-02-27T07:41:40Z] DRY-RUN: would verify tcp port 2222 is free
[2026-02-27T07:41:40Z] DRY-RUN: would verify tcp port 8080 is free
[2026-02-27T07:41:40Z] DRY-RUN: would verify tcp port 6667 is free
[2026-02-27T07:41:40Z] DRY-RUN: would verify tcp port 8091 is free
[2026-02-27T07:41:40Z] DRY-RUN: create directory /Users/seanheiney/.local/share/wolfbbs
[2026-02-27T07:41:40Z] DRY-RUN: would write /Users/seanheiney/.local/share/wolfbbs/.env
[2026-02-27T07:41:40Z] DRY-RUN: skipping sysop user seeding check
[2026-02-27T07:41:40Z] DRY-RUN: would start compose services
[2026-02-27T07:41:40Z] DRY-RUN: skip runtime checks.
[2026-02-27T07:42:40Z] Detected platform: os=macos distro=macos like=n/a arch=arm64 pkg=brew
[2026-02-27T07:42:40Z] DRY-RUN: skip disk-space check
[2026-02-27T07:42:40Z] DRY-RUN: skip Docker install checks
[2026-02-27T07:42:40Z] DRY-RUN: would verify tcp port 2222 is free
[2026-02-27T07:42:40Z] DRY-RUN: would verify tcp port 8080 is free
[2026-02-27T07:42:40Z] DRY-RUN: would verify tcp port 6667 is free
[2026-02-27T07:42:40Z] DRY-RUN: would verify tcp port 8091 is free
[2026-02-27T07:42:40Z] DRY-RUN: create directory /Users/seanheiney/.local/share/wolfbbs
[2026-02-27T07:42:40Z] DRY-RUN: would write /Users/seanheiney/.local/share/wolfbbs/.env
[2026-02-27T07:42:40Z] DRY-RUN: skipping sysop user seeding check
[2026-02-27T07:42:40Z] DRY-RUN: would start compose services
[2026-02-27T07:42:40Z] DRY-RUN: skip runtime checks.
[2026-02-27T07:42:40Z] Detected platform: os=macos distro=macos like=n/a arch=arm64 pkg=brew
[2026-02-27T07:42:40Z] DRY-RUN: skip disk-space check
[2026-02-27T07:42:40Z] DRY-RUN: skip Docker install checks
[2026-02-27T07:42:40Z] Detected platform: os=macos distro=macos like=n/a arch=arm64 pkg=brew
[2026-02-27T07:42:40Z] DRY-RUN: skip disk-space check
[2026-02-27T07:42:40Z] DRY-RUN: skip Docker install checks
[2026-02-27T07:42:40Z] DRY-RUN: would verify tcp port 2222 is free
[2026-02-27T07:42:40Z] DRY-RUN: would verify tcp port 8080 is free
[2026-02-27T07:42:40Z] DRY-RUN: would verify tcp port 6667 is free
[2026-02-27T07:42:40Z] DRY-RUN: would verify tcp port 8091 is free
[2026-02-27T07:42:40Z] DRY-RUN: create directory /Users/seanheiney/.local/share/wolfbbs
[2026-02-27T07:42:40Z] DRY-RUN: would write /Users/seanheiney/.local/share/wolfbbs/.env
[2026-02-27T07:42:40Z] DRY-RUN: skipping sysop user seeding check
[2026-02-27T07:42:40Z] DRY-RUN: would start compose services
[2026-02-27T07:42:40Z] DRY-RUN: skip runtime checks.
[2026-02-27T07:42:40Z] Detected platform: os=macos distro=macos like=n/a arch=arm64 pkg=brew
[2026-02-27T07:42:40Z] DRY-RUN: skip disk-space check
[2026-02-27T07:42:40Z] DRY-RUN: skip Docker install checks
[2026-02-27T07:42:40Z] DRY-RUN: would verify tcp port 2222 is free
[2026-02-27T07:42:40Z] DRY-RUN: would verify tcp port 8080 is free
[2026-02-27T07:42:40Z] DRY-RUN: would verify tcp port 6667 is free
[2026-02-27T07:42:40Z] DRY-RUN: would verify tcp port 8091 is free
[2026-02-27T07:42:40Z] DRY-RUN: create directory /Users/seanheiney/.local/share/wolfbbs
[2026-02-27T07:42:40Z] DRY-RUN: would write /Users/seanheiney/.local/share/wolfbbs/.env
[2026-02-27T07:42:40Z] DRY-RUN: skipping sysop user seeding check
[2026-02-27T07:42:40Z] DRY-RUN: would start compose services
[2026-02-27T07:42:40Z] DRY-RUN: skip runtime checks.
[2026-02-27T08:00:17Z] Detected platform: os=macos distro=macos like=n/a arch=arm64 pkg=brew
[2026-02-27T08:00:18Z] DRY-RUN: skip disk-space check
[2026-02-27T08:00:19Z] DRY-RUN: skip Docker install checks
[2026-02-27T08:00:19Z] DRY-RUN: would verify tcp port 2222 is free
[2026-02-27T08:00:19Z] DRY-RUN: would verify tcp port 8080 is free
[2026-02-27T08:00:19Z] DRY-RUN: would verify tcp port 6667 is free
[2026-02-27T08:00:19Z] DRY-RUN: would verify tcp port 8091 is free
[2026-02-27T08:00:19Z] DRY-RUN: create directory /Users/seanheiney/.local/share/wolfbbs
[2026-02-27T08:00:19Z] DRY-RUN: would write /Users/seanheiney/.local/share/wolfbbs/.env
[2026-02-27T08:00:19Z] DRY-RUN: skipping sysop user seeding check
[2026-02-27T08:00:19Z] DRY-RUN: would start compose services
[2026-02-27T08:00:19Z] DRY-RUN: skip runtime checks.
[2026-02-27T08:00:19Z] Detected platform: os=macos distro=macos like=n/a arch=arm64 pkg=brew
[2026-02-27T08:00:19Z] DRY-RUN: skip disk-space check
[2026-02-27T08:00:19Z] DRY-RUN: skip Docker install checks
[2026-02-27T08:00:19Z] Detected platform: os=macos distro=macos like=n/a arch=arm64 pkg=brew
[2026-02-27T08:00:19Z] DRY-RUN: skip disk-space check
[2026-02-27T08:00:19Z] DRY-RUN: skip Docker install checks
[2026-02-27T08:00:19Z] DRY-RUN: would verify tcp port 2222 is free
[2026-02-27T08:00:19Z] DRY-RUN: would verify tcp port 8080 is free
[2026-02-27T08:00:19Z] DRY-RUN: would verify tcp port 6667 is free
[2026-02-27T08:00:19Z] DRY-RUN: would verify tcp port 8091 is free
[2026-02-27T08:00:19Z] DRY-RUN: create directory /Users/seanheiney/.local/share/wolfbbs
[2026-02-27T08:00:19Z] DRY-RUN: would write /Users/seanheiney/.local/share/wolfbbs/.env
[2026-02-27T08:00:19Z] DRY-RUN: skipping sysop user seeding check
[2026-02-27T08:00:19Z] DRY-RUN: would start compose services
[2026-02-27T08:00:19Z] DRY-RUN: skip runtime checks.
[2026-02-27T08:00:19Z] Detected platform: os=macos distro=macos like=n/a arch=arm64 pkg=brew
[2026-02-27T08:00:19Z] DRY-RUN: skip disk-space check
[2026-02-27T08:00:19Z] DRY-RUN: skip Docker install checks
[2026-02-27T08:00:19Z] DRY-RUN: would verify tcp port 2222 is free
[2026-02-27T08:00:19Z] DRY-RUN: would verify tcp port 8080 is free
[2026-02-27T08:00:19Z] DRY-RUN: would verify tcp port 6667 is free
[2026-02-27T08:00:19Z] DRY-RUN: would verify tcp port 8091 is free
[2026-02-27T08:00:19Z] DRY-RUN: create directory /Users/seanheiney/.local/share/wolfbbs
[2026-02-27T08:00:19Z] DRY-RUN: would write /Users/seanheiney/.local/share/wolfbbs/.env
[2026-02-27T08:00:19Z] DRY-RUN: skipping sysop user seeding check
[2026-02-27T08:00:19Z] DRY-RUN: would start compose services
[2026-02-27T08:00:19Z] DRY-RUN: skip runtime checks.
[2026-02-27T08:02:19Z] Detected platform: os=macos distro=macos like=n/a arch=arm64 pkg=brew
[2026-02-27T08:02:19Z] DRY-RUN: skip disk-space check
[2026-02-27T08:02:19Z] DRY-RUN: skip Docker install checks
[2026-02-27T08:02:19Z] DRY-RUN: would verify tcp port 2222 is free
[2026-02-27T08:02:19Z] DRY-RUN: would verify tcp port 8080 is free
[2026-02-27T08:02:19Z] DRY-RUN: would verify tcp port 6667 is free
[2026-02-27T08:02:19Z] DRY-RUN: would verify tcp port 8091 is free
[2026-02-27T08:02:19Z] DRY-RUN: create directory /Users/seanheiney/.local/share/wolfbbs
[2026-02-27T08:02:19Z] DRY-RUN: would write /Users/seanheiney/.local/share/wolfbbs/.env
[2026-02-27T08:02:19Z] DRY-RUN: skipping sysop user seeding check
[2026-02-27T08:02:19Z] DRY-RUN: would start compose services
[2026-02-27T08:02:19Z] DRY-RUN: skip runtime checks.
[2026-02-27T08:02:19Z] Detected platform: os=macos distro=macos like=n/a arch=arm64 pkg=brew
[2026-02-27T08:02:19Z] DRY-RUN: skip disk-space check
[2026-02-27T08:02:19Z] DRY-RUN: skip Docker install checks
[2026-02-27T08:02:19Z] Detected platform: os=macos distro=macos like=n/a arch=arm64 pkg=brew
[2026-02-27T08:02:19Z] DRY-RUN: skip disk-space check
[2026-02-27T08:02:19Z] DRY-RUN: skip Docker install checks
[2026-02-27T08:02:19Z] DRY-RUN: would verify tcp port 2222 is free
[2026-02-27T08:02:19Z] DRY-RUN: would verify tcp port 8080 is free
[2026-02-27T08:02:19Z] DRY-RUN: would verify tcp port 6667 is free
[2026-02-27T08:02:19Z] DRY-RUN: would verify tcp port 8091 is free
[2026-02-27T08:02:19Z] DRY-RUN: create directory /Users/seanheiney/.local/share/wolfbbs
[2026-02-27T08:02:19Z] DRY-RUN: would write /Users/seanheiney/.local/share/wolfbbs/.env
[2026-02-27T08:02:19Z] DRY-RUN: skipping sysop user seeding check
[2026-02-27T08:02:19Z] DRY-RUN: would start compose services
[2026-02-27T08:02:19Z] DRY-RUN: skip runtime checks.
[2026-02-27T08:02:19Z] Detected platform: os=macos distro=macos like=n/a arch=arm64 pkg=brew
[2026-02-27T08:02:19Z] DRY-RUN: skip disk-space check
[2026-02-27T08:02:19Z] DRY-RUN: skip Docker install checks
[2026-02-27T08:02:19Z] DRY-RUN: would verify tcp port 2222 is free
[2026-02-27T08:02:19Z] DRY-RUN: would verify tcp port 8080 is free
[2026-02-27T08:02:19Z] DRY-RUN: would verify tcp port 6667 is free
[2026-02-27T08:02:19Z] DRY-RUN: would verify tcp port 8091 is free
[2026-02-27T08:02:19Z] DRY-RUN: create directory /Users/seanheiney/.local/share/wolfbbs
[2026-02-27T08:02:19Z] DRY-RUN: would write /Users/seanheiney/.local/share/wolfbbs/.env
[2026-02-27T08:02:19Z] DRY-RUN: skipping sysop user seeding check
[2026-02-27T08:02:19Z] DRY-RUN: would start compose services
[2026-02-27T08:02:19Z] DRY-RUN: skip runtime checks.
[2026-02-27T08:39:35Z] Detected platform: os=macos distro=macos like=n/a arch=arm64 pkg=brew
[2026-02-27T08:39:35Z] Detected platform: os=macos distro=macos like=n/a arch=arm64 pkg=brew
[2026-02-27T08:39:35Z] DRY-RUN: skip disk-space check
[2026-02-27T08:39:35Z] DRY-RUN: skip disk-space check
[2026-02-27T08:39:35Z] DRY-RUN: skip Docker install checks
[2026-02-27T08:39:35Z] DRY-RUN: skip Docker install checks
[2026-02-27T08:39:35Z] DRY-RUN: would verify tcp port 2222 is free
[2026-02-27T08:39:35Z] DRY-RUN: would verify tcp port 2222 is free
[2026-02-27T08:39:35Z] DRY-RUN: would verify tcp port 8080 is free
[2026-02-27T08:39:35Z] DRY-RUN: would verify tcp port 8080 is free
[2026-02-27T08:39:35Z] DRY-RUN: would verify tcp port 6667 is free
[2026-02-27T08:39:35Z] DRY-RUN: would verify tcp port 6667 is free
[2026-02-27T08:39:35Z] DRY-RUN: would verify tcp port 8091 is free
[2026-02-27T08:39:35Z] DRY-RUN: would verify tcp port 8091 is free
[2026-02-27T08:39:35Z] DRY-RUN: create directory /Users/seanheiney/.local/share/wolfbbs
[2026-02-27T08:39:35Z] DRY-RUN: create directory /Users/seanheiney/.local/share/wolfbbs
[2026-02-27T08:39:35Z] DRY-RUN: would write /Users/seanheiney/.local/share/wolfbbs/.env
[2026-02-27T08:39:35Z] DRY-RUN: would write /Users/seanheiney/.local/share/wolfbbs/.env
[2026-02-27T08:39:35Z] DRY-RUN: skipping sysop user seeding check
[2026-02-27T08:39:35Z] DRY-RUN: skipping sysop user seeding check
[2026-02-27T08:39:35Z] DRY-RUN: would start compose services
[2026-02-27T08:39:35Z] DRY-RUN: would start compose services
[2026-02-27T08:39:35Z] DRY-RUN: skip runtime checks.
[2026-02-27T08:39:35Z] DRY-RUN: skip runtime checks.
[2026-02-27T08:39:35Z] Detected platform: os=macos distro=macos like=n/a arch=arm64 pkg=brew
[2026-02-27T08:39:35Z] Detected platform: os=macos distro=macos like=n/a arch=arm64 pkg=brew
[2026-02-27T08:39:35Z] DRY-RUN: skip disk-space check
[2026-02-27T08:39:35Z] DRY-RUN: skip disk-space check
[2026-02-27T08:39:35Z] DRY-RUN: skip Docker install checks
[2026-02-27T08:39:35Z] DRY-RUN: skip Docker install checks
[2026-02-27T08:39:35Z] Detected platform: os=macos distro=macos like=n/a arch=arm64 pkg=brew
[2026-02-27T08:39:35Z] Detected platform: os=macos distro=macos like=n/a arch=arm64 pkg=brew
[2026-02-27T08:39:35Z] DRY-RUN: skip disk-space check
[2026-02-27T08:39:35Z] DRY-RUN: skip disk-space check
[2026-02-27T08:39:35Z] DRY-RUN: skip Docker install checks
[2026-02-27T08:39:35Z] DRY-RUN: skip Docker install checks
[2026-02-27T08:39:35Z] DRY-RUN: would verify tcp port 2222 is free
[2026-02-27T08:39:35Z] DRY-RUN: would verify tcp port 2222 is free
[2026-02-27T08:39:35Z] DRY-RUN: would verify tcp port 8080 is free
[2026-02-27T08:39:35Z] DRY-RUN: would verify tcp port 8080 is free
[2026-02-27T08:39:35Z] DRY-RUN: would verify tcp port 6667 is free
[2026-02-27T08:39:35Z] DRY-RUN: would verify tcp port 6667 is free
[2026-02-27T08:39:35Z] DRY-RUN: would verify tcp port 8091 is free
[2026-02-27T08:39:35Z] DRY-RUN: would verify tcp port 8091 is free
[2026-02-27T08:39:35Z] DRY-RUN: create directory /Users/seanheiney/.local/share/wolfbbs
[2026-02-27T08:39:35Z] DRY-RUN: create directory /Users/seanheiney/.local/share/wolfbbs
[2026-02-27T08:39:35Z] DRY-RUN: would write /Users/seanheiney/.local/share/wolfbbs/.env
[2026-02-27T08:39:35Z] DRY-RUN: would write /Users/seanheiney/.local/share/wolfbbs/.env
[2026-02-27T08:39:35Z] DRY-RUN: skipping sysop user seeding check
[2026-02-27T08:39:35Z] DRY-RUN: skipping sysop user seeding check
[2026-02-27T08:39:35Z] DRY-RUN: would start compose services
[2026-02-27T08:39:35Z] DRY-RUN: would start compose services
[2026-02-27T08:39:35Z] DRY-RUN: skip runtime checks.
[2026-02-27T08:39:35Z] DRY-RUN: skip runtime checks.
[2026-02-27T08:39:35Z] Detected platform: os=macos distro=macos like=n/a arch=arm64 pkg=brew
[2026-02-27T08:39:35Z] Detected platform: os=macos distro=macos like=n/a arch=arm64 pkg=brew
[2026-02-27T08:39:35Z] DRY-RUN: skip disk-space check
[2026-02-27T08:39:35Z] DRY-RUN: skip disk-space check
[2026-02-27T08:39:35Z] DRY-RUN: skip Docker install checks
[2026-02-27T08:39:35Z] DRY-RUN: skip Docker install checks
[2026-02-27T08:39:35Z] DRY-RUN: would verify tcp port 2222 is free
[2026-02-27T08:39:35Z] DRY-RUN: would verify tcp port 2222 is free
[2026-02-27T08:39:35Z] DRY-RUN: would verify tcp port 8080 is free
[2026-02-27T08:39:35Z] DRY-RUN: would verify tcp port 8080 is free
[2026-02-27T08:39:35Z] DRY-RUN: would verify tcp port 6667 is free
[2026-02-27T08:39:35Z] DRY-RUN: would verify tcp port 6667 is free
[2026-02-27T08:39:35Z] DRY-RUN: would verify tcp port 8091 is free
[2026-02-27T08:39:35Z] DRY-RUN: would verify tcp port 8091 is free
[2026-02-27T08:39:35Z] DRY-RUN: create directory /Users/seanheiney/.local/share/wolfbbs
[2026-02-27T08:39:35Z] DRY-RUN: create directory /Users/seanheiney/.local/share/wolfbbs
[2026-02-27T08:39:35Z] DRY-RUN: would write /Users/seanheiney/.local/share/wolfbbs/.env
[2026-02-27T08:39:35Z] DRY-RUN: would write /Users/seanheiney/.local/share/wolfbbs/.env
[2026-02-27T08:39:35Z] DRY-RUN: skipping sysop user seeding check
[2026-02-27T08:39:35Z] DRY-RUN: skipping sysop user seeding check
[2026-02-27T08:39:35Z] DRY-RUN: would start compose services
[2026-02-27T08:39:35Z] DRY-RUN: would start compose services
[2026-02-27T08:39:35Z] DRY-RUN: skip runtime checks.
[2026-02-27T08:39:35Z] DRY-RUN: skip runtime checks.
[2026-02-27T08:41:07Z] Detected platform: os=macos distro=macos like=n/a arch=arm64 pkg=brew
[2026-02-27T08:41:08Z] DRY-RUN: skip disk-space check
[2026-02-27T08:41:08Z] DRY-RUN: skip Docker install checks
[2026-02-27T08:41:08Z] DRY-RUN: would verify tcp port 2222 is free
[2026-02-27T08:41:08Z] DRY-RUN: would verify tcp port 8080 is free
[2026-02-27T08:41:08Z] DRY-RUN: would verify tcp port 6667 is free
[2026-02-27T08:41:08Z] DRY-RUN: would verify tcp port 8091 is free
[2026-02-27T08:41:08Z] DRY-RUN: create directory /Users/seanheiney/.local/share/wolfbbs
[2026-02-27T08:41:08Z] DRY-RUN: would write /Users/seanheiney/.local/share/wolfbbs/.env
[2026-02-27T08:41:08Z] DRY-RUN: skipping sysop user seeding check
[2026-02-27T08:41:08Z] DRY-RUN: would start compose services
[2026-02-27T08:41:08Z] DRY-RUN: skip runtime checks.
[2026-02-27T08:41:08Z] Detected platform: os=macos distro=macos like=n/a arch=arm64 pkg=brew
[2026-02-27T08:41:08Z] DRY-RUN: skip disk-space check
[2026-02-27T08:41:09Z] DRY-RUN: skip Docker install checks
[2026-02-27T08:41:09Z] Detected platform: os=macos distro=macos like=n/a arch=arm64 pkg=brew
[2026-02-27T08:41:09Z] DRY-RUN: skip disk-space check
[2026-02-27T08:41:09Z] DRY-RUN: skip Docker install checks
[2026-02-27T08:41:09Z] DRY-RUN: would verify tcp port 2222 is free
[2026-02-27T08:41:09Z] DRY-RUN: would verify tcp port 8080 is free
[2026-02-27T08:41:09Z] DRY-RUN: would verify tcp port 6667 is free
[2026-02-27T08:41:09Z] DRY-RUN: would verify tcp port 8091 is free
[2026-02-27T08:41:09Z] DRY-RUN: create directory /Users/seanheiney/.local/share/wolfbbs
[2026-02-27T08:41:09Z] DRY-RUN: would write /Users/seanheiney/.local/share/wolfbbs/.env
[2026-02-27T08:41:09Z] DRY-RUN: skipping sysop user seeding check
[2026-02-27T08:41:09Z] DRY-RUN: would start compose services
[2026-02-27T08:41:09Z] DRY-RUN: skip runtime checks.
[2026-02-27T08:41:09Z] Detected platform: os=macos distro=macos like=n/a arch=arm64 pkg=brew
[2026-02-27T08:41:09Z] DRY-RUN: skip disk-space check
[2026-02-27T08:41:09Z] DRY-RUN: skip Docker install checks
[2026-02-27T08:41:09Z] DRY-RUN: would verify tcp port 2222 is free
[2026-02-27T08:41:09Z] DRY-RUN: would verify tcp port 8080 is free
[2026-02-27T08:41:09Z] DRY-RUN: would verify tcp port 6667 is free
[2026-02-27T08:41:09Z] DRY-RUN: would verify tcp port 8091 is free
[2026-02-27T08:41:09Z] DRY-RUN: create directory /Users/seanheiney/.local/share/wolfbbs
[2026-02-27T08:41:09Z] DRY-RUN: would write /Users/seanheiney/.local/share/wolfbbs/.env
[2026-02-27T08:41:09Z] DRY-RUN: skipping sysop user seeding check
[2026-02-27T08:41:09Z] DRY-RUN: would start compose services
[2026-02-27T08:41:09Z] DRY-RUN: skip runtime checks.
[2026-02-27T08:44:40Z] Detected platform: os=macos distro=macos like=n/a arch=arm64 pkg=brew
[2026-02-27T08:44:40Z] DRY-RUN: skip disk-space check
[2026-02-27T08:44:40Z] DRY-RUN: skip Docker install checks
[2026-02-27T08:44:40Z] DRY-RUN: would verify tcp port 2222 is free
[2026-02-27T08:44:40Z] DRY-RUN: would verify tcp port 8080 is free
[2026-02-27T08:44:40Z] DRY-RUN: would verify tcp port 6667 is free
[2026-02-27T08:44:40Z] DRY-RUN: would verify tcp port 8091 is free
[2026-02-27T08:44:40Z] DRY-RUN: create directory /var/folders/vn/wf2fpymn2gbd03jlf5_6h70h0000gn/T/tmp.hApQOOVjOQ/wolfbbs
[2026-02-27T08:44:40Z] DRY-RUN: would write /var/folders/vn/wf2fpymn2gbd03jlf5_6h70h0000gn/T/tmp.hApQOOVjOQ/wolfbbs/.env
[2026-02-27T08:44:40Z] DRY-RUN: skipping sysop user seeding check
[2026-02-27T08:44:40Z] DRY-RUN: would start compose services
[2026-02-27T08:44:40Z] DRY-RUN: skip runtime checks.
[2026-02-27T08:44:40Z] Detected platform: os=macos distro=macos like=n/a arch=arm64 pkg=brew
[2026-02-27T08:44:40Z] DRY-RUN: skip disk-space check
[2026-02-27T08:44:40Z] DRY-RUN: skip Docker install checks
[2026-02-27T08:44:40Z] DRY-RUN: would verify tcp port 2222 is free
[2026-02-27T08:44:40Z] DRY-RUN: would verify tcp port 8080 is free
[2026-02-27T08:44:40Z] DRY-RUN: would verify tcp port 6667 is free
[2026-02-27T08:44:40Z] DRY-RUN: would verify tcp port 8091 is free
[2026-02-27T08:44:40Z] DRY-RUN: create directory /Users/seanheiney/.local/share/wolfbbs
[2026-02-27T08:44:40Z] DRY-RUN: would write /Users/seanheiney/.local/share/wolfbbs/.env
[2026-02-27T08:44:40Z] DRY-RUN: skipping sysop user seeding check
[2026-02-27T08:44:40Z] DRY-RUN: would start compose services
[2026-02-27T08:44:40Z] DRY-RUN: skip runtime checks.
[2026-02-27T08:45:14Z] Detected platform: os=macos distro=macos like=n/a arch=arm64 pkg=brew
[2026-02-27T08:45:14Z] DRY-RUN: skip disk-space check
[2026-02-27T08:45:14Z] DRY-RUN: skip Docker install checks
[2026-02-27T08:45:14Z] DRY-RUN: would verify tcp port 2222 is free
[2026-02-27T08:45:14Z] DRY-RUN: would verify tcp port 8080 is free
[2026-02-27T08:45:14Z] DRY-RUN: would verify tcp port 6667 is free
[2026-02-27T08:45:14Z] DRY-RUN: would verify tcp port 8091 is free
[2026-02-27T08:45:14Z] DRY-RUN: create directory /Users/seanheiney/.local/share/wolfbbs
[2026-02-27T08:45:14Z] DRY-RUN: would write /Users/seanheiney/.local/share/wolfbbs/.env
[2026-02-27T08:45:14Z] DRY-RUN: skipping sysop user seeding check
[2026-02-27T08:45:14Z] DRY-RUN: would start compose services
[2026-02-27T08:45:14Z] DRY-RUN: skip runtime checks.
[2026-02-27T08:46:05Z] Detected platform: os=macos distro=macos like=n/a arch=arm64 pkg=brew
[2026-02-27T08:46:06Z] DRY-RUN: skip disk-space check
[2026-02-27T08:46:06Z] DRY-RUN: skip Docker install checks
[2026-02-27T08:46:06Z] DRY-RUN: would verify tcp port 2222 is free
[2026-02-27T08:46:06Z] DRY-RUN: would verify tcp port 8080 is free
[2026-02-27T08:46:06Z] DRY-RUN: would verify tcp port 6667 is free
[2026-02-27T08:46:06Z] DRY-RUN: would verify tcp port 8091 is free
[2026-02-27T08:46:06Z] DRY-RUN: create directory /Users/seanheiney/.local/share/wolfbbs
[2026-02-27T08:46:06Z] DRY-RUN: would write /Users/seanheiney/.local/share/wolfbbs/.env
[2026-02-27T08:46:06Z] DRY-RUN: skipping sysop user seeding check
[2026-02-27T08:46:06Z] DRY-RUN: would start compose services
[2026-02-27T08:46:06Z] DRY-RUN: skip runtime checks.
[2026-02-27T08:46:06Z] Detected platform: os=macos distro=macos like=n/a arch=arm64 pkg=brew
[2026-02-27T08:46:06Z] DRY-RUN: skip disk-space check
[2026-02-27T08:46:06Z] DRY-RUN: skip Docker install checks
[2026-02-27T08:46:06Z] Detected platform: os=macos distro=macos like=n/a arch=arm64 pkg=brew
[2026-02-27T08:46:06Z] DRY-RUN: skip disk-space check
[2026-02-27T08:46:06Z] DRY-RUN: skip Docker install checks
[2026-02-27T08:46:06Z] DRY-RUN: would verify tcp port 2222 is free
[2026-02-27T08:46:06Z] DRY-RUN: would verify tcp port 8080 is free
[2026-02-27T08:46:06Z] DRY-RUN: would verify tcp port 6667 is free
[2026-02-27T08:46:06Z] DRY-RUN: would verify tcp port 8091 is free
[2026-02-27T08:46:06Z] DRY-RUN: create directory /Users/seanheiney/.local/share/wolfbbs
[2026-02-27T08:46:06Z] DRY-RUN: would write /Users/seanheiney/.local/share/wolfbbs/.env
[2026-02-27T08:46:06Z] DRY-RUN: skipping sysop user seeding check
[2026-02-27T08:46:06Z] DRY-RUN: would start compose services
[2026-02-27T08:46:06Z] DRY-RUN: skip runtime checks.
[2026-02-27T08:46:06Z] Detected platform: os=macos distro=macos like=n/a arch=arm64 pkg=brew
[2026-02-27T08:46:06Z] DRY-RUN: skip disk-space check
[2026-02-27T08:46:06Z] DRY-RUN: skip Docker install checks
[2026-02-27T08:46:06Z] DRY-RUN: would verify tcp port 2222 is free
[2026-02-27T08:46:06Z] DRY-RUN: would verify tcp port 8080 is free
[2026-02-27T08:46:06Z] DRY-RUN: would verify tcp port 6667 is free
[2026-02-27T08:46:06Z] DRY-RUN: would verify tcp port 8091 is free
[2026-02-27T08:46:06Z] DRY-RUN: create directory /Users/seanheiney/.local/share/wolfbbs
[2026-02-27T08:46:06Z] DRY-RUN: would write /Users/seanheiney/.local/share/wolfbbs/.env
[2026-02-27T08:46:06Z] DRY-RUN: skipping sysop user seeding check
[2026-02-27T08:46:06Z] DRY-RUN: would start compose services
[2026-02-27T08:46:06Z] DRY-RUN: skip runtime checks.
[2026-02-27T08:47:21Z] Detected platform: os=macos distro=macos like=n/a arch=arm64 pkg=brew
[2026-02-27T08:47:21Z] DRY-RUN: skip disk-space check
[2026-02-27T08:47:21Z] DRY-RUN: skip Docker install checks
[2026-02-27T08:47:21Z] DRY-RUN: would verify tcp port 2222 is free
[2026-02-27T08:47:21Z] DRY-RUN: would verify tcp port 8080 is free
[2026-02-27T08:47:21Z] DRY-RUN: would verify tcp port 6667 is free
[2026-02-27T08:47:21Z] DRY-RUN: would verify tcp port 8091 is free
[2026-02-27T08:47:21Z] DRY-RUN: create directory /Users/seanheiney/.local/share/wolfbbs
[2026-02-27T08:47:21Z] DRY-RUN: would write /Users/seanheiney/.local/share/wolfbbs/.env
[2026-02-27T08:47:21Z] DRY-RUN: skipping sysop user seeding check
[2026-02-27T08:47:21Z] DRY-RUN: would start compose services
[2026-02-27T08:47:21Z] DRY-RUN: skip runtime checks.
[2026-02-27T08:47:36Z] Detected platform: os=macos distro=macos like=n/a arch=arm64 pkg=brew
[2026-02-27T08:47:36Z] DRY-RUN: skip disk-space check
[2026-02-27T08:47:36Z] DRY-RUN: skip Docker install checks
[2026-02-27T08:47:36Z] DRY-RUN: would verify tcp port 2222 is free
[2026-02-27T08:47:36Z] DRY-RUN: would verify tcp port 8080 is free
[2026-02-27T08:47:36Z] DRY-RUN: would verify tcp port 6667 is free
[2026-02-27T08:47:36Z] DRY-RUN: would verify tcp port 8091 is free
[2026-02-27T08:47:36Z] DRY-RUN: create directory /Users/seanheiney/.local/share/wolfbbs
[2026-02-27T08:47:36Z] DRY-RUN: would write /Users/seanheiney/.local/share/wolfbbs/.env
[2026-02-27T08:47:36Z] DRY-RUN: skipping sysop user seeding check
[2026-02-27T08:47:36Z] DRY-RUN: would start compose services
[2026-02-27T08:47:36Z] DRY-RUN: skip runtime checks.
[2026-02-27T08:48:17Z] Detected platform: os=macos distro=macos like=n/a arch=arm64 pkg=brew
[2026-02-27T08:48:17Z] DRY-RUN: skip disk-space check
[2026-02-27T08:48:17Z] DRY-RUN: skip Docker install checks
[2026-02-27T08:48:17Z] DRY-RUN: would verify tcp port 2222 is free
[2026-02-27T08:48:17Z] DRY-RUN: would verify tcp port 8080 is free
[2026-02-27T08:48:17Z] DRY-RUN: would verify tcp port 6667 is free
[2026-02-27T08:48:17Z] DRY-RUN: would verify tcp port 8091 is free
[2026-02-27T08:48:17Z] DRY-RUN: create directory /Users/seanheiney/.local/share/wolfbbs
[2026-02-27T08:48:17Z] DRY-RUN: would write /Users/seanheiney/.local/share/wolfbbs/.env
[2026-02-27T08:48:17Z] DRY-RUN: skipping sysop user seeding check
[2026-02-27T08:48:17Z] DRY-RUN: would start compose services
[2026-02-27T08:48:17Z] DRY-RUN: skip runtime checks.
[2026-02-27T08:48:17Z] Detected platform: os=macos distro=macos like=n/a arch=arm64 pkg=brew
[2026-02-27T08:48:17Z] DRY-RUN: skip disk-space check
[2026-02-27T08:48:17Z] DRY-RUN: skip Docker install checks
[2026-02-27T08:48:17Z] Detected platform: os=macos distro=macos like=n/a arch=arm64 pkg=brew
[2026-02-27T08:48:17Z] DRY-RUN: skip disk-space check
[2026-02-27T08:48:17Z] DRY-RUN: skip Docker install checks
[2026-02-27T08:48:17Z] DRY-RUN: would verify tcp port 2222 is free
[2026-02-27T08:48:17Z] DRY-RUN: would verify tcp port 8080 is free
[2026-02-27T08:48:17Z] DRY-RUN: would verify tcp port 6667 is free
[2026-02-27T08:48:17Z] DRY-RUN: would verify tcp port 8091 is free
[2026-02-27T08:48:17Z] DRY-RUN: create directory /Users/seanheiney/.local/share/wolfbbs
[2026-02-27T08:48:17Z] DRY-RUN: would write /Users/seanheiney/.local/share/wolfbbs/.env
[2026-02-27T08:48:17Z] DRY-RUN: skipping sysop user seeding check
[2026-02-27T08:48:17Z] DRY-RUN: would start compose services
[2026-02-27T08:48:17Z] DRY-RUN: skip runtime checks.
[2026-02-27T08:48:17Z] Detected platform: os=macos distro=macos like=n/a arch=arm64 pkg=brew
[2026-02-27T08:48:17Z] DRY-RUN: skip disk-space check
[2026-02-27T08:48:17Z] DRY-RUN: skip Docker install checks
[2026-02-27T08:48:17Z] DRY-RUN: would verify tcp port 2222 is free
[2026-02-27T08:48:17Z] DRY-RUN: would verify tcp port 8080 is free
[2026-02-27T08:48:17Z] DRY-RUN: would verify tcp port 6667 is free
[2026-02-27T08:48:17Z] DRY-RUN: would verify tcp port 8091 is free
[2026-02-27T08:48:17Z] DRY-RUN: create directory /Users/seanheiney/.local/share/wolfbbs
[2026-02-27T08:48:17Z] DRY-RUN: would write /Users/seanheiney/.local/share/wolfbbs/.env
[2026-02-27T08:48:17Z] DRY-RUN: skipping sysop user seeding check
[2026-02-27T08:48:17Z] DRY-RUN: would start compose services
[2026-02-27T08:48:17Z] DRY-RUN: skip runtime checks.
[2026-02-27T08:49:31Z] Detected platform: os=macos distro=macos like=n/a arch=arm64 pkg=brew
[2026-02-27T08:49:31Z] DRY-RUN: skip disk-space check
[2026-02-27T08:49:31Z] DRY-RUN: skip Docker install checks
[2026-02-27T08:49:31Z] DRY-RUN: would verify tcp port 2222 is free
[2026-02-27T08:49:31Z] DRY-RUN: would verify tcp port 8080 is free
[2026-02-27T08:49:31Z] DRY-RUN: would verify tcp port 6667 is free
[2026-02-27T08:49:31Z] DRY-RUN: would verify tcp port 8091 is free
[2026-02-27T08:49:32Z] DRY-RUN: create directory /Users/seanheiney/.local/share/wolfbbs
[2026-02-27T08:49:32Z] DRY-RUN: would write /Users/seanheiney/.local/share/wolfbbs/.env
[2026-02-27T08:49:32Z] DRY-RUN: skipping sysop user seeding check
[2026-02-27T08:49:32Z] DRY-RUN: would start compose services
[2026-02-27T08:49:32Z] DRY-RUN: skip runtime checks.
[2026-02-27T08:49:32Z] Detected platform: os=macos distro=macos like=n/a arch=arm64 pkg=brew
[2026-02-27T08:49:32Z] DRY-RUN: skip disk-space check
[2026-02-27T08:49:32Z] DRY-RUN: skip Docker install checks
[2026-02-27T08:49:32Z] Detected platform: os=macos distro=macos like=n/a arch=arm64 pkg=brew
[2026-02-27T08:49:32Z] DRY-RUN: skip disk-space check
[2026-02-27T08:49:32Z] DRY-RUN: skip Docker install checks
[2026-02-27T08:49:32Z] DRY-RUN: would verify tcp port 2222 is free
[2026-02-27T08:49:32Z] DRY-RUN: would verify tcp port 8080 is free
[2026-02-27T08:49:32Z] DRY-RUN: would verify tcp port 6667 is free
[2026-02-27T08:49:32Z] DRY-RUN: would verify tcp port 8091 is free
[2026-02-27T08:49:32Z] DRY-RUN: create directory /Users/seanheiney/.local/share/wolfbbs
[2026-02-27T08:49:32Z] DRY-RUN: would write /Users/seanheiney/.local/share/wolfbbs/.env
[2026-02-27T08:49:32Z] DRY-RUN: skipping sysop user seeding check
[2026-02-27T08:49:32Z] DRY-RUN: would start compose services
[2026-02-27T08:49:32Z] DRY-RUN: skip runtime checks.
[2026-02-27T08:49:32Z] Detected platform: os=macos distro=macos like=n/a arch=arm64 pkg=brew
[2026-02-27T08:49:32Z] DRY-RUN: skip disk-space check
[2026-02-27T08:49:32Z] DRY-RUN: skip Docker install checks
[2026-02-27T08:49:32Z] DRY-RUN: would verify tcp port 2222 is free
[2026-02-27T08:49:32Z] DRY-RUN: would verify tcp port 8080 is free
[2026-02-27T08:49:32Z] DRY-RUN: would verify tcp port 6667 is free
[2026-02-27T08:49:32Z] DRY-RUN: would verify tcp port 8091 is free
[2026-02-27T08:49:32Z] DRY-RUN: create directory /Users/seanheiney/.local/share/wolfbbs
[2026-02-27T08:49:32Z] DRY-RUN: would write /Users/seanheiney/.local/share/wolfbbs/.env
[2026-02-27T08:49:32Z] DRY-RUN: skipping sysop user seeding check
[2026-02-27T08:49:32Z] DRY-RUN: would start compose services
[2026-02-27T08:49:32Z] DRY-RUN: skip runtime checks.
[2026-02-27T08:50:11Z] Detected platform: os=macos distro=macos like=n/a arch=arm64 pkg=brew
[2026-02-27T08:50:11Z] DRY-RUN: skip disk-space check
[2026-02-27T08:50:11Z] DRY-RUN: skip Docker install checks
[2026-02-27T08:50:11Z] DRY-RUN: would verify tcp port 2222 is free
[2026-02-27T08:50:11Z] DRY-RUN: would verify tcp port 8080 is free
[2026-02-27T08:50:11Z] DRY-RUN: would verify tcp port 6667 is free
[2026-02-27T08:50:11Z] DRY-RUN: would verify tcp port 8091 is free
[2026-02-27T08:50:11Z] DRY-RUN: create directory /Users/seanheiney/.local/share/wolfbbs
[2026-02-27T08:50:11Z] DRY-RUN: would write /Users/seanheiney/.local/share/wolfbbs/.env
[2026-02-27T08:50:11Z] DRY-RUN: skipping sysop user seeding check
[2026-02-27T08:50:11Z] DRY-RUN: would start compose services
[2026-02-27T08:50:11Z] DRY-RUN: skip runtime checks.
[2026-02-27T08:50:11Z] Detected platform: os=macos distro=macos like=n/a arch=arm64 pkg=brew
[2026-02-27T08:50:11Z] DRY-RUN: skip disk-space check
[2026-02-27T08:50:11Z] DRY-RUN: skip Docker install checks
[2026-02-27T08:50:11Z] Detected platform: os=macos distro=macos like=n/a arch=arm64 pkg=brew
[2026-02-27T08:50:11Z] DRY-RUN: skip disk-space check
[2026-02-27T08:50:11Z] DRY-RUN: skip Docker install checks
[2026-02-27T08:50:11Z] DRY-RUN: would verify tcp port 2222 is free
[2026-02-27T08:50:11Z] DRY-RUN: would verify tcp port 8080 is free
[2026-02-27T08:50:11Z] DRY-RUN: would verify tcp port 6667 is free
[2026-02-27T08:50:11Z] DRY-RUN: would verify tcp port 8091 is free
[2026-02-27T08:50:11Z] DRY-RUN: create directory /Users/seanheiney/.local/share/wolfbbs
[2026-02-27T08:50:11Z] DRY-RUN: would write /Users/seanheiney/.local/share/wolfbbs/.env
[2026-02-27T08:50:11Z] DRY-RUN: skipping sysop user seeding check
[2026-02-27T08:50:11Z] DRY-RUN: would start compose services
[2026-02-27T08:50:11Z] DRY-RUN: skip runtime checks.
[2026-02-27T08:50:11Z] Detected platform: os=macos distro=macos like=n/a arch=arm64 pkg=brew
[2026-02-27T08:50:11Z] DRY-RUN: skip disk-space check
[2026-02-27T08:50:11Z] DRY-RUN: skip Docker install checks
[2026-02-27T08:50:11Z] DRY-RUN: would verify tcp port 2222 is free
[2026-02-27T08:50:11Z] DRY-RUN: would verify tcp port 8080 is free
[2026-02-27T08:50:11Z] DRY-RUN: would verify tcp port 6667 is free
[2026-02-27T08:50:11Z] DRY-RUN: would verify tcp port 8091 is free
[2026-02-27T08:50:11Z] DRY-RUN: create directory /Users/seanheiney/.local/share/wolfbbs
[2026-02-27T08:50:12Z] DRY-RUN: would write /Users/seanheiney/.local/share/wolfbbs/.env
[2026-02-27T08:50:12Z] DRY-RUN: skipping sysop user seeding check
[2026-02-27T08:50:12Z] DRY-RUN: would start compose services
[2026-02-27T08:50:12Z] DRY-RUN: skip runtime checks.
[2026-02-27T08:50:23Z] Detected platform: os=macos distro=macos like=n/a arch=arm64 pkg=brew
[2026-02-27T08:50:23Z] DRY-RUN: skip disk-space check
[2026-02-27T08:50:23Z] DRY-RUN: skip Docker install checks
[2026-02-27T08:50:23Z] DRY-RUN: would verify tcp port 2222 is free
[2026-02-27T08:50:23Z] DRY-RUN: would verify tcp port 8080 is free
[2026-02-27T08:50:23Z] DRY-RUN: would verify tcp port 6667 is free
[2026-02-27T08:50:23Z] DRY-RUN: would verify tcp port 8091 is free
[2026-02-27T08:50:23Z] DRY-RUN: create directory /Users/seanheiney/.local/share/wolfbbs
[2026-02-27T08:50:23Z] DRY-RUN: would write /Users/seanheiney/.local/share/wolfbbs/.env
[2026-02-27T08:50:23Z] DRY-RUN: skipping sysop user seeding check
[2026-02-27T08:50:23Z] DRY-RUN: would start compose services
[2026-02-27T08:50:23Z] DRY-RUN: skip runtime checks.
[2026-02-27T08:51:50Z] Detected platform: os=macos distro=macos like=n/a arch=arm64 pkg=brew
[2026-02-27T08:51:50Z] DRY-RUN: skip disk-space check
[2026-02-27T08:51:50Z] DRY-RUN: skip Docker install checks
[2026-02-27T08:51:50Z] DRY-RUN: would verify tcp port 2222 is free
[2026-02-27T08:51:50Z] DRY-RUN: would verify tcp port 8080 is free
[2026-02-27T08:51:50Z] DRY-RUN: would verify tcp port 6667 is free
[2026-02-27T08:51:50Z] DRY-RUN: would verify tcp port 8091 is free
[2026-02-27T08:51:50Z] DRY-RUN: create directory /Users/seanheiney/.local/share/wolfbbs
[2026-02-27T08:51:50Z] DRY-RUN: would write /Users/seanheiney/.local/share/wolfbbs/.env
[2026-02-27T08:51:50Z] DRY-RUN: skipping sysop user seeding check
[2026-02-27T08:51:50Z] DRY-RUN: would start compose services
[2026-02-27T08:51:50Z] DRY-RUN: skip runtime checks.
[2026-02-27T08:52:27Z] Detected platform: os=macos distro=macos like=n/a arch=arm64 pkg=brew
[2026-02-27T08:52:29Z] DRY-RUN: skip disk-space check
[2026-02-27T08:52:29Z] DRY-RUN: skip Docker install checks
[2026-02-27T08:52:29Z] DRY-RUN: would verify tcp port 2222 is free
[2026-02-27T08:52:29Z] DRY-RUN: would verify tcp port 8080 is free
[2026-02-27T08:52:29Z] DRY-RUN: would verify tcp port 6667 is free
[2026-02-27T08:52:29Z] DRY-RUN: would verify tcp port 8091 is free
[2026-02-27T08:52:29Z] DRY-RUN: create directory /Users/seanheiney/.local/share/wolfbbs
[2026-02-27T08:52:29Z] DRY-RUN: would write /Users/seanheiney/.local/share/wolfbbs/.env
[2026-02-27T08:52:29Z] DRY-RUN: skipping sysop user seeding check
[2026-02-27T08:52:29Z] DRY-RUN: would start compose services
[2026-02-27T08:52:29Z] DRY-RUN: skip runtime checks.
[2026-02-27T09:07:19Z] Detected platform: os=macos distro=macos like=n/a arch=arm64 pkg=brew
[2026-02-27T09:07:21Z] DRY-RUN: skip disk-space check
[2026-02-27T09:07:21Z] DRY-RUN: skip Docker install checks
[2026-02-27T09:07:21Z] DRY-RUN: would verify tcp port 2222 is free
[2026-02-27T09:07:21Z] DRY-RUN: would verify tcp port 8080 is free
[2026-02-27T09:07:21Z] DRY-RUN: would verify tcp port 6667 is free
[2026-02-27T09:07:21Z] DRY-RUN: would verify tcp port 8091 is free
[2026-02-27T09:07:21Z] DRY-RUN: create directory /Users/seanheiney/.local/share/wolfbbs
[2026-02-27T09:07:21Z] DRY-RUN: would write /Users/seanheiney/.local/share/wolfbbs/.env
[2026-02-27T09:07:21Z] DRY-RUN: skipping sysop user seeding check
[2026-02-27T09:07:21Z] DRY-RUN: would start compose services
[2026-02-27T09:07:21Z] DRY-RUN: skip runtime checks.
[2026-02-27T09:07:21Z] Detected platform: os=macos distro=macos like=n/a arch=arm64 pkg=brew
[2026-02-27T09:07:21Z] DRY-RUN: skip disk-space check
[2026-02-27T09:07:21Z] DRY-RUN: skip Docker install checks
[2026-02-27T09:07:21Z] Detected platform: os=macos distro=macos like=n/a arch=arm64 pkg=brew
[2026-02-27T09:07:21Z] DRY-RUN: skip disk-space check
[2026-02-27T09:07:21Z] DRY-RUN: skip Docker install checks
[2026-02-27T09:07:21Z] DRY-RUN: would verify tcp port 2222 is free
[2026-02-27T09:07:21Z] DRY-RUN: would verify tcp port 8080 is free
[2026-02-27T09:07:21Z] DRY-RUN: would verify tcp port 6667 is free
[2026-02-27T09:07:21Z] DRY-RUN: would verify tcp port 8091 is free
[2026-02-27T09:07:21Z] DRY-RUN: create directory /Users/seanheiney/.local/share/wolfbbs
[2026-02-27T09:07:21Z] DRY-RUN: would write /Users/seanheiney/.local/share/wolfbbs/.env
[2026-02-27T09:07:21Z] DRY-RUN: skipping sysop user seeding check
[2026-02-27T09:07:21Z] DRY-RUN: would start compose services
[2026-02-27T09:07:21Z] DRY-RUN: skip runtime checks.
[2026-02-27T09:07:21Z] Detected platform: os=macos distro=macos like=n/a arch=arm64 pkg=brew
[2026-02-27T09:07:21Z] DRY-RUN: skip disk-space check
[2026-02-27T09:07:21Z] DRY-RUN: skip Docker install checks
[2026-02-27T09:07:21Z] DRY-RUN: would verify tcp port 2222 is free
[2026-02-27T09:07:21Z] DRY-RUN: would verify tcp port 8080 is free
[2026-02-27T09:07:21Z] DRY-RUN: would verify tcp port 6667 is free
[2026-02-27T09:07:21Z] DRY-RUN: would verify tcp port 8091 is free
[2026-02-27T09:07:21Z] DRY-RUN: create directory /Users/seanheiney/.local/share/wolfbbs
[2026-02-27T09:07:21Z] DRY-RUN: would write /Users/seanheiney/.local/share/wolfbbs/.env
[2026-02-27T09:07:21Z] DRY-RUN: skipping sysop user seeding check
[2026-02-27T09:07:21Z] DRY-RUN: would start compose services
[2026-02-27T09:07:21Z] DRY-RUN: skip runtime checks.
[2026-02-27T09:10:21Z] Detected platform: os=macos distro=macos like=n/a arch=arm64 pkg=brew
[2026-02-27T09:10:22Z] DRY-RUN: skip disk-space check
[2026-02-27T09:10:22Z] DRY-RUN: skip Docker install checks
[2026-02-27T09:10:22Z] DRY-RUN: would verify tcp port 2222 is free
[2026-02-27T09:10:22Z] DRY-RUN: would verify tcp port 8080 is free
[2026-02-27T09:10:22Z] DRY-RUN: would verify tcp port 6667 is free
[2026-02-27T09:10:22Z] DRY-RUN: would verify tcp port 8091 is free
[2026-02-27T09:10:22Z] DRY-RUN: create directory /Users/seanheiney/.local/share/wolfbbs
[2026-02-27T09:10:22Z] DRY-RUN: would write /Users/seanheiney/.local/share/wolfbbs/.env
[2026-02-27T09:10:22Z] DRY-RUN: skipping sysop user seeding check
[2026-02-27T09:10:22Z] DRY-RUN: would start compose services
[2026-02-27T09:10:22Z] DRY-RUN: skip runtime checks.
[2026-02-27T09:10:22Z] Detected platform: os=macos distro=macos like=n/a arch=arm64 pkg=brew
[2026-02-27T09:10:22Z] DRY-RUN: skip disk-space check
[2026-02-27T09:10:22Z] DRY-RUN: skip Docker install checks
[2026-02-27T09:10:22Z] Detected platform: os=macos distro=macos like=n/a arch=arm64 pkg=brew
[2026-02-27T09:10:22Z] DRY-RUN: skip disk-space check
[2026-02-27T09:10:22Z] DRY-RUN: skip Docker install checks
[2026-02-27T09:10:22Z] DRY-RUN: would verify tcp port 2222 is free
[2026-02-27T09:10:22Z] DRY-RUN: would verify tcp port 8080 is free
[2026-02-27T09:10:22Z] DRY-RUN: would verify tcp port 6667 is free
[2026-02-27T09:10:22Z] DRY-RUN: would verify tcp port 8091 is free
[2026-02-27T09:10:22Z] DRY-RUN: create directory /Users/seanheiney/.local/share/wolfbbs
[2026-02-27T09:10:23Z] DRY-RUN: would write /Users/seanheiney/.local/share/wolfbbs/.env
[2026-02-27T09:10:23Z] DRY-RUN: skipping sysop user seeding check
[2026-02-27T09:10:23Z] DRY-RUN: would start compose services
[2026-02-27T09:10:23Z] DRY-RUN: skip runtime checks.
[2026-02-27T09:10:23Z] Detected platform: os=macos distro=macos like=n/a arch=arm64 pkg=brew
[2026-02-27T09:10:23Z] DRY-RUN: skip disk-space check
[2026-02-27T09:10:23Z] DRY-RUN: skip Docker install checks
[2026-02-27T09:10:23Z] DRY-RUN: would verify tcp port 2222 is free
[2026-02-27T09:10:23Z] DRY-RUN: would verify tcp port 8080 is free
[2026-02-27T09:10:23Z] DRY-RUN: would verify tcp port 6667 is free
[2026-02-27T09:10:23Z] DRY-RUN: would verify tcp port 8091 is free
[2026-02-27T09:10:23Z] DRY-RUN: create directory /Users/seanheiney/.local/share/wolfbbs
[2026-02-27T09:10:23Z] DRY-RUN: would write /Users/seanheiney/.local/share/wolfbbs/.env
[2026-02-27T09:10:23Z] DRY-RUN: skipping sysop user seeding check
[2026-02-27T09:10:23Z] DRY-RUN: would start compose services
[2026-02-27T09:10:23Z] DRY-RUN: skip runtime checks.
[2026-02-27T09:10:50Z] Detected platform: os=macos distro=macos like=n/a arch=arm64 pkg=brew
[2026-02-27T09:10:50Z] DRY-RUN: skip disk-space check
[2026-02-27T09:10:50Z] DRY-RUN: skip Docker install checks
[2026-02-27T09:10:50Z] DRY-RUN: would verify tcp port 2222 is free
[2026-02-27T09:10:50Z] DRY-RUN: would verify tcp port 8080 is free
[2026-02-27T09:10:50Z] DRY-RUN: would verify tcp port 6667 is free
[2026-02-27T09:10:50Z] DRY-RUN: would verify tcp port 8091 is free
[2026-02-27T09:10:50Z] DRY-RUN: create directory /Users/seanheiney/.local/share/wolfbbs
[2026-02-27T09:10:50Z] DRY-RUN: would write /Users/seanheiney/.local/share/wolfbbs/.env
[2026-02-27T09:10:50Z] DRY-RUN: skipping sysop user seeding check
[2026-02-27T09:10:50Z] DRY-RUN: would start compose services
[2026-02-27T09:10:50Z] DRY-RUN: skip runtime checks.
[2026-02-27T09:10:50Z] Detected platform: os=macos distro=macos like=n/a arch=arm64 pkg=brew
[2026-02-27T09:10:50Z] DRY-RUN: skip disk-space check
[2026-02-27T09:10:50Z] DRY-RUN: skip Docker install checks
[2026-02-27T09:10:50Z] Detected platform: os=macos distro=macos like=n/a arch=arm64 pkg=brew
[2026-02-27T09:10:50Z] DRY-RUN: skip disk-space check
[2026-02-27T09:10:50Z] DRY-RUN: skip Docker install checks
[2026-02-27T09:10:50Z] DRY-RUN: would verify tcp port 2222 is free
[2026-02-27T09:10:50Z] DRY-RUN: would verify tcp port 8080 is free
[2026-02-27T09:10:50Z] DRY-RUN: would verify tcp port 6667 is free
[2026-02-27T09:10:50Z] DRY-RUN: would verify tcp port 8091 is free
[2026-02-27T09:10:50Z] DRY-RUN: create directory /Users/seanheiney/.local/share/wolfbbs
[2026-02-27T09:10:50Z] DRY-RUN: would write /Users/seanheiney/.local/share/wolfbbs/.env
[2026-02-27T09:10:50Z] DRY-RUN: skipping sysop user seeding check
[2026-02-27T09:10:50Z] DRY-RUN: would start compose services
[2026-02-27T09:10:50Z] DRY-RUN: skip runtime checks.
[2026-02-27T09:10:50Z] Detected platform: os=macos distro=macos like=n/a arch=arm64 pkg=brew
[2026-02-27T09:10:50Z] DRY-RUN: skip disk-space check
[2026-02-27T09:10:50Z] DRY-RUN: skip Docker install checks
[2026-02-27T09:10:50Z] DRY-RUN: would verify tcp port 2222 is free
[2026-02-27T09:10:50Z] DRY-RUN: would verify tcp port 8080 is free
[2026-02-27T09:10:50Z] DRY-RUN: would verify tcp port 6667 is free
[2026-02-27T09:10:50Z] DRY-RUN: would verify tcp port 8091 is free
[2026-02-27T09:10:50Z] DRY-RUN: create directory /Users/seanheiney/.local/share/wolfbbs
[2026-02-27T09:10:50Z] DRY-RUN: would write /Users/seanheiney/.local/share/wolfbbs/.env
[2026-02-27T09:10:50Z] DRY-RUN: skipping sysop user seeding check
[2026-02-27T09:10:50Z] DRY-RUN: would start compose services
[2026-02-27T09:10:50Z] DRY-RUN: skip runtime checks.
[2026-02-27T09:11:01Z] Detected platform: os=macos distro=macos like=n/a arch=arm64 pkg=brew
[2026-02-27T09:11:01Z] DRY-RUN: skip disk-space check
[2026-02-27T09:11:01Z] DRY-RUN: skip Docker install checks
[2026-02-27T09:11:01Z] DRY-RUN: would verify tcp port 2222 is free
[2026-02-27T09:11:01Z] DRY-RUN: would verify tcp port 8080 is free
[2026-02-27T09:11:01Z] DRY-RUN: would verify tcp port 6667 is free
[2026-02-27T09:11:01Z] DRY-RUN: would verify tcp port 8091 is free
[2026-02-27T09:11:01Z] DRY-RUN: create directory /Users/seanheiney/.local/share/wolfbbs
[2026-02-27T09:11:01Z] DRY-RUN: would write /Users/seanheiney/.local/share/wolfbbs/.env
[2026-02-27T09:11:01Z] DRY-RUN: skipping sysop user seeding check
[2026-02-27T09:11:01Z] DRY-RUN: would start compose services
[2026-02-27T09:11:01Z] DRY-RUN: skip runtime checks.
[2026-02-27T09:11:01Z] Detected platform: os=macos distro=macos like=n/a arch=arm64 pkg=brew
[2026-02-27T09:11:01Z] DRY-RUN: skip disk-space check
[2026-02-27T09:11:01Z] DRY-RUN: skip Docker install checks
[2026-02-27T09:11:01Z] Detected platform: os=macos distro=macos like=n/a arch=arm64 pkg=brew
[2026-02-27T09:11:01Z] DRY-RUN: skip disk-space check
[2026-02-27T09:11:01Z] DRY-RUN: skip Docker install checks
[2026-02-27T09:11:01Z] DRY-RUN: would verify tcp port 2222 is free
[2026-02-27T09:11:01Z] DRY-RUN: would verify tcp port 8080 is free
[2026-02-27T09:11:01Z] DRY-RUN: would verify tcp port 6667 is free
[2026-02-27T09:11:01Z] DRY-RUN: would verify tcp port 8091 is free
[2026-02-27T09:11:01Z] DRY-RUN: create directory /Users/seanheiney/.local/share/wolfbbs
[2026-02-27T09:11:01Z] DRY-RUN: would write /Users/seanheiney/.local/share/wolfbbs/.env
[2026-02-27T09:11:01Z] DRY-RUN: skipping sysop user seeding check
[2026-02-27T09:11:01Z] DRY-RUN: would start compose services
[2026-02-27T09:11:01Z] DRY-RUN: skip runtime checks.
[2026-02-27T09:11:01Z] Detected platform: os=macos distro=macos like=n/a arch=arm64 pkg=brew
[2026-02-27T09:11:01Z] DRY-RUN: skip disk-space check
[2026-02-27T09:11:01Z] DRY-RUN: skip Docker install checks
[2026-02-27T09:11:01Z] DRY-RUN: would verify tcp port 2222 is free
[2026-02-27T09:11:01Z] DRY-RUN: would verify tcp port 8080 is free
[2026-02-27T09:11:01Z] DRY-RUN: would verify tcp port 6667 is free
[2026-02-27T09:11:01Z] DRY-RUN: would verify tcp port 8091 is free
[2026-02-27T09:11:01Z] DRY-RUN: create directory /Users/seanheiney/.local/share/wolfbbs
[2026-02-27T09:11:01Z] DRY-RUN: would write /Users/seanheiney/.local/share/wolfbbs/.env
[2026-02-27T09:11:01Z] DRY-RUN: skipping sysop user seeding check
[2026-02-27T09:11:01Z] DRY-RUN: would start compose services
[2026-02-27T09:11:01Z] DRY-RUN: skip runtime checks.
[2026-02-27T09:20:33Z] Detected platform: os=macos distro=macos like=n/a arch=arm64 pkg=brew
[2026-02-27T09:20:34Z] DRY-RUN: skip disk-space check
[2026-02-27T09:20:34Z] DRY-RUN: skip Docker install checks
[2026-02-27T09:20:34Z] DRY-RUN: would verify tcp port 2222 is free
[2026-02-27T09:20:34Z] DRY-RUN: would verify tcp port 8080 is free
[2026-02-27T09:20:34Z] DRY-RUN: would verify tcp port 6667 is free
[2026-02-27T09:20:34Z] DRY-RUN: would verify tcp port 8091 is free
[2026-02-27T09:20:34Z] DRY-RUN: create directory /Users/seanheiney/.local/share/wolfbbs
[2026-02-27T09:20:34Z] DRY-RUN: would write /Users/seanheiney/.local/share/wolfbbs/.env
[2026-02-27T09:20:34Z] DRY-RUN: skipping sysop user seeding check
[2026-02-27T09:20:34Z] DRY-RUN: would start compose services
[2026-02-27T09:20:34Z] DRY-RUN: skip runtime checks.
[2026-02-27T09:20:34Z] Detected platform: os=macos distro=macos like=n/a arch=arm64 pkg=brew
[2026-02-27T09:20:34Z] DRY-RUN: skip disk-space check
[2026-02-27T09:20:34Z] DRY-RUN: skip Docker install checks
[2026-02-27T09:20:34Z] Detected platform: os=macos distro=macos like=n/a arch=arm64 pkg=brew
[2026-02-27T09:20:34Z] DRY-RUN: skip disk-space check
[2026-02-27T09:20:34Z] DRY-RUN: skip Docker install checks
[2026-02-27T09:20:34Z] DRY-RUN: would verify tcp port 2222 is free
[2026-02-27T09:20:34Z] DRY-RUN: would verify tcp port 8080 is free
[2026-02-27T09:20:34Z] DRY-RUN: would verify tcp port 6667 is free
[2026-02-27T09:20:34Z] DRY-RUN: would verify tcp port 8091 is free
[2026-02-27T09:20:34Z] DRY-RUN: create directory /Users/seanheiney/.local/share/wolfbbs
[2026-02-27T09:20:34Z] DRY-RUN: would write /Users/seanheiney/.local/share/wolfbbs/.env
[2026-02-27T09:20:34Z] DRY-RUN: skipping sysop user seeding check
[2026-02-27T09:20:34Z] DRY-RUN: would start compose services
[2026-02-27T09:20:34Z] DRY-RUN: skip runtime checks.
[2026-02-27T09:20:34Z] Detected platform: os=macos distro=macos like=n/a arch=arm64 pkg=brew
[2026-02-27T09:20:34Z] DRY-RUN: skip disk-space check
[2026-02-27T09:20:34Z] DRY-RUN: skip Docker install checks
[2026-02-27T09:20:34Z] DRY-RUN: would verify tcp port 2222 is free
[2026-02-27T09:20:34Z] DRY-RUN: would verify tcp port 8080 is free
[2026-02-27T09:20:34Z] DRY-RUN: would verify tcp port 6667 is free
[2026-02-27T09:20:34Z] DRY-RUN: would verify tcp port 8091 is free
[2026-02-27T09:20:34Z] DRY-RUN: create directory /Users/seanheiney/.local/share/wolfbbs
[2026-02-27T09:20:34Z] DRY-RUN: would write /Users/seanheiney/.local/share/wolfbbs/.env
[2026-02-27T09:20:34Z] DRY-RUN: skipping sysop user seeding check
[2026-02-27T09:20:34Z] DRY-RUN: would start compose services
[2026-02-27T09:20:34Z] DRY-RUN: skip runtime checks.
[2026-02-27T09:21:52Z] Detected platform: os=macos distro=macos like=n/a arch=arm64 pkg=brew
[2026-02-27T09:21:52Z] DRY-RUN: skip disk-space check
[2026-02-27T09:21:52Z] DRY-RUN: skip Docker install checks
[2026-02-27T09:21:52Z] DRY-RUN: would verify tcp port 2222 is free
[2026-02-27T09:21:52Z] DRY-RUN: would verify tcp port 8080 is free
[2026-02-27T09:21:52Z] DRY-RUN: would verify tcp port 6667 is free
[2026-02-27T09:21:52Z] DRY-RUN: would verify tcp port 8091 is free
[2026-02-27T09:21:52Z] DRY-RUN: create directory /Users/seanheiney/.local/share/wolfbbs
[2026-02-27T09:21:52Z] DRY-RUN: would write /Users/seanheiney/.local/share/wolfbbs/.env
[2026-02-27T09:21:52Z] DRY-RUN: skipping sysop user seeding check
[2026-02-27T09:21:52Z] DRY-RUN: would start compose services
[2026-02-27T09:21:52Z] DRY-RUN: skip runtime checks.
[2026-02-27T09:21:52Z] Detected platform: os=macos distro=macos like=n/a arch=arm64 pkg=brew
[2026-02-27T09:21:52Z] DRY-RUN: skip disk-space check
[2026-02-27T09:21:52Z] DRY-RUN: skip Docker install checks
[2026-02-27T09:21:52Z] Detected platform: os=macos distro=macos like=n/a arch=arm64 pkg=brew
[2026-02-27T09:21:52Z] DRY-RUN: skip disk-space check
[2026-02-27T09:21:52Z] DRY-RUN: skip Docker install checks
[2026-02-27T09:21:52Z] DRY-RUN: would verify tcp port 2222 is free
[2026-02-27T09:21:52Z] DRY-RUN: would verify tcp port 8080 is free
[2026-02-27T09:21:52Z] DRY-RUN: would verify tcp port 6667 is free
[2026-02-27T09:21:52Z] DRY-RUN: would verify tcp port 8091 is free
[2026-02-27T09:21:52Z] DRY-RUN: create directory /Users/seanheiney/.local/share/wolfbbs
[2026-02-27T09:21:52Z] DRY-RUN: would write /Users/seanheiney/.local/share/wolfbbs/.env
[2026-02-27T09:21:52Z] DRY-RUN: skipping sysop user seeding check
[2026-02-27T09:21:52Z] DRY-RUN: would start compose services
[2026-02-27T09:21:52Z] DRY-RUN: skip runtime checks.
[2026-02-27T09:21:52Z] Detected platform: os=macos distro=macos like=n/a arch=arm64 pkg=brew
[2026-02-27T09:21:52Z] DRY-RUN: skip disk-space check
[2026-02-27T09:21:52Z] DRY-RUN: skip Docker install checks
[2026-02-27T09:21:52Z] DRY-RUN: would verify tcp port 2222 is free
[2026-02-27T09:21:52Z] DRY-RUN: would verify tcp port 8080 is free
[2026-02-27T09:21:52Z] DRY-RUN: would verify tcp port 6667 is free
[2026-02-27T09:21:52Z] DRY-RUN: would verify tcp port 8091 is free
[2026-02-27T09:21:52Z] DRY-RUN: create directory /Users/seanheiney/.local/share/wolfbbs
[2026-02-27T09:21:52Z] DRY-RUN: would write /Users/seanheiney/.local/share/wolfbbs/.env
[2026-02-27T09:21:52Z] DRY-RUN: skipping sysop user seeding check
[2026-02-27T09:21:52Z] DRY-RUN: would start compose services
[2026-02-27T09:21:52Z] DRY-RUN: skip runtime checks.
[2026-02-27T09:34:30Z] Detected platform: os=macos distro=macos like=n/a arch=arm64 pkg=brew
[2026-02-27T09:34:31Z] DRY-RUN: skip disk-space check
[2026-02-27T09:34:31Z] DRY-RUN: skip Docker install checks
[2026-02-27T09:34:31Z] DRY-RUN: would verify tcp port 2222 is free
[2026-02-27T09:34:31Z] DRY-RUN: would verify tcp port 8080 is free
[2026-02-27T09:34:31Z] DRY-RUN: would verify tcp port 6667 is free
[2026-02-27T09:34:31Z] DRY-RUN: would verify tcp port 8091 is free
[2026-02-27T09:34:31Z] DRY-RUN: create directory /Users/seanheiney/.local/share/wolfbbs
[2026-02-27T09:34:31Z] DRY-RUN: would write /Users/seanheiney/.local/share/wolfbbs/.env
[2026-02-27T09:34:31Z] DRY-RUN: skipping sysop user seeding check
[2026-02-27T09:34:31Z] DRY-RUN: would start compose services
[2026-02-27T09:34:31Z] DRY-RUN: skip runtime checks.
[2026-02-27T09:34:31Z] Detected platform: os=macos distro=macos like=n/a arch=arm64 pkg=brew
[2026-02-27T09:34:31Z] DRY-RUN: skip disk-space check
[2026-02-27T09:34:31Z] DRY-RUN: skip Docker install checks
[2026-02-27T09:34:31Z] Detected platform: os=macos distro=macos like=n/a arch=arm64 pkg=brew
[2026-02-27T09:34:31Z] DRY-RUN: skip disk-space check
[2026-02-27T09:34:31Z] DRY-RUN: skip Docker install checks
[2026-02-27T09:34:31Z] DRY-RUN: would verify tcp port 2222 is free
[2026-02-27T09:34:31Z] DRY-RUN: would verify tcp port 8080 is free
[2026-02-27T09:34:31Z] DRY-RUN: would verify tcp port 6667 is free
[2026-02-27T09:34:31Z] DRY-RUN: would verify tcp port 8091 is free
[2026-02-27T09:34:31Z] DRY-RUN: create directory /Users/seanheiney/.local/share/wolfbbs
[2026-02-27T09:34:31Z] DRY-RUN: would write /Users/seanheiney/.local/share/wolfbbs/.env
[2026-02-27T09:34:31Z] DRY-RUN: skipping sysop user seeding check
[2026-02-27T09:34:31Z] DRY-RUN: would start compose services
[2026-02-27T09:34:31Z] DRY-RUN: skip runtime checks.
[2026-02-27T09:34:31Z] Detected platform: os=macos distro=macos like=n/a arch=arm64 pkg=brew
[2026-02-27T09:34:31Z] DRY-RUN: skip disk-space check
[2026-02-27T09:34:31Z] DRY-RUN: skip Docker install checks
[2026-02-27T09:34:31Z] DRY-RUN: would verify tcp port 2222 is free
[2026-02-27T09:34:31Z] DRY-RUN: would verify tcp port 8080 is free
[2026-02-27T09:34:31Z] DRY-RUN: would verify tcp port 6667 is free
[2026-02-27T09:34:31Z] DRY-RUN: would verify tcp port 8091 is free
[2026-02-27T09:34:31Z] DRY-RUN: create directory /Users/seanheiney/.local/share/wolfbbs
[2026-02-27T09:34:31Z] DRY-RUN: would write /Users/seanheiney/.local/share/wolfbbs/.env
[2026-02-27T09:34:31Z] DRY-RUN: skipping sysop user seeding check
[2026-02-27T09:34:31Z] DRY-RUN: would start compose services
[2026-02-27T09:34:31Z] DRY-RUN: skip runtime checks.
[2026-02-27T09:37:01Z] Detected platform: os=macos distro=macos like=n/a arch=arm64 pkg=brew
[2026-02-27T09:37:01Z] DRY-RUN: skip disk-space check
[2026-02-27T09:37:01Z] DRY-RUN: skip Docker install checks
[2026-02-27T09:37:01Z] DRY-RUN: would verify tcp port 2222 is free
[2026-02-27T09:37:01Z] DRY-RUN: would verify tcp port 8080 is free
[2026-02-27T09:37:01Z] DRY-RUN: would verify tcp port 6667 is free
[2026-02-27T09:37:02Z] DRY-RUN: would verify tcp port 8091 is free
[2026-02-27T09:37:02Z] DRY-RUN: create directory /Users/seanheiney/.local/share/wolfbbs
[2026-02-27T09:37:02Z] DRY-RUN: would write /Users/seanheiney/.local/share/wolfbbs/.env
[2026-02-27T09:37:02Z] DRY-RUN: skipping sysop user seeding check
[2026-02-27T09:37:02Z] DRY-RUN: would start compose services
[2026-02-27T09:37:02Z] DRY-RUN: skip runtime checks.
[2026-02-27T09:37:02Z] Detected platform: os=macos distro=macos like=n/a arch=arm64 pkg=brew
[2026-02-27T09:37:02Z] DRY-RUN: skip disk-space check
[2026-02-27T09:37:02Z] DRY-RUN: skip Docker install checks
[2026-02-27T09:37:02Z] Detected platform: os=macos distro=macos like=n/a arch=arm64 pkg=brew
[2026-02-27T09:37:02Z] DRY-RUN: skip disk-space check
[2026-02-27T09:37:02Z] DRY-RUN: skip Docker install checks
[2026-02-27T09:37:02Z] DRY-RUN: would verify tcp port 2222 is free
[2026-02-27T09:37:02Z] DRY-RUN: would verify tcp port 8080 is free
[2026-02-27T09:37:02Z] DRY-RUN: would verify tcp port 6667 is free
[2026-02-27T09:37:02Z] DRY-RUN: would verify tcp port 8091 is free
[2026-02-27T09:37:02Z] DRY-RUN: create directory /Users/seanheiney/.local/share/wolfbbs
[2026-02-27T09:37:02Z] DRY-RUN: would write /Users/seanheiney/.local/share/wolfbbs/.env
[2026-02-27T09:37:02Z] DRY-RUN: skipping sysop user seeding check
[2026-02-27T09:37:02Z] DRY-RUN: would start compose services
[2026-02-27T09:37:02Z] DRY-RUN: skip runtime checks.
[2026-02-27T09:37:02Z] Detected platform: os=macos distro=macos like=n/a arch=arm64 pkg=brew
[2026-02-27T09:37:02Z] DRY-RUN: skip disk-space check
[2026-02-27T09:37:02Z] DRY-RUN: skip Docker install checks
[2026-02-27T09:37:02Z] DRY-RUN: would verify tcp port 2222 is free
[2026-02-27T09:37:02Z] DRY-RUN: would verify tcp port 8080 is free
[2026-02-27T09:37:02Z] DRY-RUN: would verify tcp port 6667 is free
[2026-02-27T09:37:02Z] DRY-RUN: would verify tcp port 8091 is free
[2026-02-27T09:37:02Z] DRY-RUN: create directory /Users/seanheiney/.local/share/wolfbbs
[2026-02-27T09:37:02Z] DRY-RUN: would write /Users/seanheiney/.local/share/wolfbbs/.env
[2026-02-27T09:37:02Z] DRY-RUN: skipping sysop user seeding check
[2026-02-27T09:37:02Z] DRY-RUN: would start compose services
[2026-02-27T09:37:02Z] DRY-RUN: skip runtime checks.
[2026-02-27T09:45:40Z] Detected platform: os=macos distro=macos like=n/a arch=arm64 pkg=brew
[2026-02-27T09:45:41Z] DRY-RUN: skip disk-space check
[2026-02-27T09:45:41Z] DRY-RUN: skip Docker install checks
[2026-02-27T09:45:41Z] DRY-RUN: would verify tcp port 2222 is free
[2026-02-27T09:45:41Z] DRY-RUN: would verify tcp port 8080 is free
[2026-02-27T09:45:41Z] DRY-RUN: would verify tcp port 6667 is free
[2026-02-27T09:45:41Z] DRY-RUN: would verify tcp port 8091 is free
[2026-02-27T09:45:41Z] DRY-RUN: create directory /Users/seanheiney/.local/share/wolfbbs
[2026-02-27T09:45:41Z] DRY-RUN: would write /Users/seanheiney/.local/share/wolfbbs/.env
[2026-02-27T09:45:41Z] DRY-RUN: skipping sysop user seeding check
[2026-02-27T09:45:41Z] DRY-RUN: would start compose services
[2026-02-27T09:45:41Z] DRY-RUN: skip runtime checks.
[2026-02-27T09:45:41Z] Detected platform: os=macos distro=macos like=n/a arch=arm64 pkg=brew
[2026-02-27T09:45:41Z] DRY-RUN: skip disk-space check
[2026-02-27T09:45:41Z] DRY-RUN: skip Docker install checks
[2026-02-27T09:45:41Z] Detected platform: os=macos distro=macos like=n/a arch=arm64 pkg=brew
[2026-02-27T09:45:41Z] DRY-RUN: skip disk-space check
[2026-02-27T09:45:41Z] DRY-RUN: skip Docker install checks
[2026-02-27T09:45:41Z] DRY-RUN: would verify tcp port 2222 is free
[2026-02-27T09:45:41Z] DRY-RUN: would verify tcp port 8080 is free
[2026-02-27T09:45:41Z] DRY-RUN: would verify tcp port 6667 is free
[2026-02-27T09:45:41Z] DRY-RUN: would verify tcp port 8091 is free
[2026-02-27T09:45:41Z] DRY-RUN: create directory /Users/seanheiney/.local/share/wolfbbs
[2026-02-27T09:45:41Z] DRY-RUN: would write /Users/seanheiney/.local/share/wolfbbs/.env
[2026-02-27T09:45:41Z] DRY-RUN: skipping sysop user seeding check
[2026-02-27T09:45:41Z] DRY-RUN: would start compose services
[2026-02-27T09:45:41Z] DRY-RUN: skip runtime checks.
[2026-02-27T09:45:41Z] Detected platform: os=macos distro=macos like=n/a arch=arm64 pkg=brew
[2026-02-27T09:45:41Z] DRY-RUN: skip disk-space check
[2026-02-27T09:45:41Z] DRY-RUN: skip Docker install checks
[2026-02-27T09:45:41Z] DRY-RUN: would verify tcp port 2222 is free
[2026-02-27T09:45:41Z] DRY-RUN: would verify tcp port 8080 is free
[2026-02-27T09:45:41Z] DRY-RUN: would verify tcp port 6667 is free
[2026-02-27T09:45:41Z] DRY-RUN: would verify tcp port 8091 is free
[2026-02-27T09:45:41Z] DRY-RUN: create directory /Users/seanheiney/.local/share/wolfbbs
[2026-02-27T09:45:41Z] DRY-RUN: would write /Users/seanheiney/.local/share/wolfbbs/.env
[2026-02-27T09:45:41Z] DRY-RUN: skipping sysop user seeding check
[2026-02-27T09:45:41Z] DRY-RUN: would start compose services
[2026-02-27T09:45:41Z] DRY-RUN: skip runtime checks.
[2026-02-27T09:47:08Z] Detected platform: os=macos distro=macos like=n/a arch=arm64 pkg=brew
[2026-02-27T09:47:08Z] DRY-RUN: skip disk-space check
[2026-02-27T09:47:08Z] DRY-RUN: skip Docker install checks
[2026-02-27T09:47:08Z] DRY-RUN: would verify tcp port 2222 is free
[2026-02-27T09:47:08Z] DRY-RUN: would verify tcp port 8080 is free
[2026-02-27T09:47:08Z] DRY-RUN: would verify tcp port 6667 is free
[2026-02-27T09:47:08Z] DRY-RUN: would verify tcp port 8091 is free
[2026-02-27T09:47:08Z] DRY-RUN: create directory /Users/seanheiney/.local/share/wolfbbs
[2026-02-27T09:47:08Z] DRY-RUN: would write /Users/seanheiney/.local/share/wolfbbs/.env
[2026-02-27T09:47:08Z] DRY-RUN: skipping sysop user seeding check
[2026-02-27T09:47:08Z] DRY-RUN: would start compose services
[2026-02-27T09:47:08Z] DRY-RUN: skip runtime checks.
[2026-02-27T09:47:08Z] Detected platform: os=macos distro=macos like=n/a arch=arm64 pkg=brew
[2026-02-27T09:47:08Z] DRY-RUN: skip disk-space check
[2026-02-27T09:47:08Z] DRY-RUN: skip Docker install checks
[2026-02-27T09:47:08Z] Detected platform: os=macos distro=macos like=n/a arch=arm64 pkg=brew
[2026-02-27T09:47:08Z] DRY-RUN: skip disk-space check
[2026-02-27T09:47:08Z] DRY-RUN: skip Docker install checks
[2026-02-27T09:47:08Z] DRY-RUN: would verify tcp port 2222 is free
[2026-02-27T09:47:08Z] DRY-RUN: would verify tcp port 8080 is free
[2026-02-27T09:47:08Z] DRY-RUN: would verify tcp port 6667 is free
[2026-02-27T09:47:08Z] DRY-RUN: would verify tcp port 8091 is free
[2026-02-27T09:47:08Z] DRY-RUN: create directory /Users/seanheiney/.local/share/wolfbbs
[2026-02-27T09:47:08Z] DRY-RUN: would write /Users/seanheiney/.local/share/wolfbbs/.env
[2026-02-27T09:47:08Z] DRY-RUN: skipping sysop user seeding check
[2026-02-27T09:47:08Z] DRY-RUN: would start compose services
[2026-02-27T09:47:08Z] DRY-RUN: skip runtime checks.
[2026-02-27T09:47:08Z] Detected platform: os=macos distro=macos like=n/a arch=arm64 pkg=brew
[2026-02-27T09:47:08Z] DRY-RUN: skip disk-space check
[2026-02-27T09:47:08Z] DRY-RUN: skip Docker install checks
[2026-02-27T09:47:08Z] DRY-RUN: would verify tcp port 2222 is free
[2026-02-27T09:47:08Z] DRY-RUN: would verify tcp port 8080 is free
[2026-02-27T09:47:08Z] DRY-RUN: would verify tcp port 6667 is free
[2026-02-27T09:47:08Z] DRY-RUN: would verify tcp port 8091 is free
[2026-02-27T09:47:08Z] DRY-RUN: create directory /Users/seanheiney/.local/share/wolfbbs
[2026-02-27T09:47:08Z] DRY-RUN: would write /Users/seanheiney/.local/share/wolfbbs/.env
[2026-02-27T09:47:08Z] DRY-RUN: skipping sysop user seeding check
[2026-02-27T09:47:08Z] DRY-RUN: would start compose services
[2026-02-27T09:47:08Z] DRY-RUN: skip runtime checks.
[2026-02-27T09:48:42Z] Detected platform: os=macos distro=macos like=n/a arch=arm64 pkg=brew
[2026-02-27T09:48:42Z] DRY-RUN: skip disk-space check
[2026-02-27T09:48:42Z] DRY-RUN: skip Docker install checks
[2026-02-27T09:48:42Z] DRY-RUN: would verify tcp port 2222 is free
[2026-02-27T09:48:42Z] DRY-RUN: would verify tcp port 8080 is free
[2026-02-27T09:48:42Z] DRY-RUN: would verify tcp port 6667 is free
[2026-02-27T09:48:42Z] DRY-RUN: would verify tcp port 8091 is free
[2026-02-27T09:48:42Z] DRY-RUN: create directory /Users/seanheiney/.local/share/wolfbbs
[2026-02-27T09:48:42Z] DRY-RUN: would write /Users/seanheiney/.local/share/wolfbbs/.env
[2026-02-27T09:48:42Z] DRY-RUN: skipping sysop user seeding check
[2026-02-27T09:48:42Z] DRY-RUN: would start compose services
[2026-02-27T09:48:42Z] DRY-RUN: skip runtime checks.
[2026-02-27T09:48:42Z] Detected platform: os=macos distro=macos like=n/a arch=arm64 pkg=brew
[2026-02-27T09:48:42Z] DRY-RUN: skip disk-space check
[2026-02-27T09:48:42Z] DRY-RUN: skip Docker install checks
[2026-02-27T09:48:42Z] Detected platform: os=macos distro=macos like=n/a arch=arm64 pkg=brew
[2026-02-27T09:48:42Z] DRY-RUN: skip disk-space check
[2026-02-27T09:48:42Z] DRY-RUN: skip Docker install checks
[2026-02-27T09:48:42Z] DRY-RUN: would verify tcp port 2222 is free
[2026-02-27T09:48:42Z] DRY-RUN: would verify tcp port 8080 is free
[2026-02-27T09:48:42Z] DRY-RUN: would verify tcp port 6667 is free
[2026-02-27T09:48:42Z] DRY-RUN: would verify tcp port 8091 is free
[2026-02-27T09:48:42Z] DRY-RUN: create directory /Users/seanheiney/.local/share/wolfbbs
[2026-02-27T09:48:42Z] DRY-RUN: would write /Users/seanheiney/.local/share/wolfbbs/.env
[2026-02-27T09:48:42Z] DRY-RUN: skipping sysop user seeding check
[2026-02-27T09:48:42Z] DRY-RUN: would start compose services
[2026-02-27T09:48:42Z] DRY-RUN: skip runtime checks.
[2026-02-27T09:48:42Z] Detected platform: os=macos distro=macos like=n/a arch=arm64 pkg=brew
[2026-02-27T09:48:42Z] DRY-RUN: skip disk-space check
[2026-02-27T09:48:42Z] DRY-RUN: skip Docker install checks
[2026-02-27T09:48:42Z] DRY-RUN: would verify tcp port 2222 is free
[2026-02-27T09:48:42Z] DRY-RUN: would verify tcp port 8080 is free
[2026-02-27T09:48:42Z] DRY-RUN: would verify tcp port 6667 is free
[2026-02-27T09:48:42Z] DRY-RUN: would verify tcp port 8091 is free
[2026-02-27T09:48:42Z] DRY-RUN: create directory /Users/seanheiney/.local/share/wolfbbs
[2026-02-27T09:48:42Z] DRY-RUN: would write /Users/seanheiney/.local/share/wolfbbs/.env
[2026-02-27T09:48:42Z] DRY-RUN: skipping sysop user seeding check
[2026-02-27T09:48:42Z] DRY-RUN: would start compose services
[2026-02-27T09:48:42Z] DRY-RUN: skip runtime checks.
[2026-02-27T09:51:05Z] Detected platform: os=macos distro=macos like=n/a arch=arm64 pkg=brew
[2026-02-27T09:51:05Z] DRY-RUN: skip disk-space check
[2026-02-27T09:51:05Z] DRY-RUN: skip Docker install checks
[2026-02-27T09:51:05Z] DRY-RUN: would verify tcp port 2222 is free
[2026-02-27T09:51:05Z] DRY-RUN: would verify tcp port 8080 is free
[2026-02-27T09:51:05Z] DRY-RUN: would verify tcp port 6667 is free
[2026-02-27T09:51:05Z] DRY-RUN: would verify tcp port 8091 is free
[2026-02-27T09:51:05Z] DRY-RUN: create directory /Users/seanheiney/.local/share/wolfbbs
[2026-02-27T09:51:05Z] DRY-RUN: would write /Users/seanheiney/.local/share/wolfbbs/.env
[2026-02-27T09:51:05Z] DRY-RUN: skipping sysop user seeding check
[2026-02-27T09:51:05Z] DRY-RUN: would start compose services
[2026-02-27T09:51:05Z] DRY-RUN: skip runtime checks.
[2026-02-27T09:51:05Z] Detected platform: os=macos distro=macos like=n/a arch=arm64 pkg=brew
[2026-02-27T09:51:05Z] DRY-RUN: skip disk-space check
[2026-02-27T09:51:05Z] DRY-RUN: skip Docker install checks
[2026-02-27T09:51:05Z] Detected platform: os=macos distro=macos like=n/a arch=arm64 pkg=brew
[2026-02-27T09:51:06Z] DRY-RUN: skip disk-space check
[2026-02-27T09:51:06Z] DRY-RUN: skip Docker install checks
[2026-02-27T09:51:06Z] DRY-RUN: would verify tcp port 2222 is free
[2026-02-27T09:51:06Z] DRY-RUN: would verify tcp port 8080 is free
[2026-02-27T09:51:06Z] DRY-RUN: would verify tcp port 6667 is free
[2026-02-27T09:51:06Z] DRY-RUN: would verify tcp port 8091 is free
[2026-02-27T09:51:06Z] DRY-RUN: create directory /Users/seanheiney/.local/share/wolfbbs
[2026-02-27T09:51:06Z] DRY-RUN: would write /Users/seanheiney/.local/share/wolfbbs/.env
[2026-02-27T09:51:06Z] DRY-RUN: skipping sysop user seeding check
[2026-02-27T09:51:06Z] DRY-RUN: would start compose services
[2026-02-27T09:51:06Z] DRY-RUN: skip runtime checks.
[2026-02-27T09:51:06Z] Detected platform: os=macos distro=macos like=n/a arch=arm64 pkg=brew
[2026-02-27T09:51:06Z] DRY-RUN: skip disk-space check
[2026-02-27T09:51:06Z] DRY-RUN: skip Docker install checks
[2026-02-27T09:51:06Z] DRY-RUN: would verify tcp port 2222 is free
[2026-02-27T09:51:06Z] DRY-RUN: would verify tcp port 8080 is free
[2026-02-27T09:51:06Z] DRY-RUN: would verify tcp port 6667 is free
[2026-02-27T09:51:06Z] DRY-RUN: would verify tcp port 8091 is free
[2026-02-27T09:51:06Z] DRY-RUN: create directory /Users/seanheiney/.local/share/wolfbbs
[2026-02-27T09:51:06Z] DRY-RUN: would write /Users/seanheiney/.local/share/wolfbbs/.env
[2026-02-27T09:51:06Z] DRY-RUN: skipping sysop user seeding check
[2026-02-27T09:51:06Z] DRY-RUN: would start compose services
[2026-02-27T09:51:06Z] DRY-RUN: skip runtime checks.
[2026-02-27T10:26:04Z] Detected platform: os=macos distro=macos like=n/a arch=arm64 pkg=brew
[2026-02-27T10:26:05Z] DRY-RUN: skip disk-space check
[2026-02-27T10:26:05Z] DRY-RUN: skip Docker install checks
[2026-02-27T10:26:05Z] DRY-RUN: would verify tcp port 2222 is free
[2026-02-27T10:26:05Z] DRY-RUN: would verify tcp port 8080 is free
[2026-02-27T10:26:05Z] DRY-RUN: would verify tcp port 6667 is free
[2026-02-27T10:26:05Z] DRY-RUN: would verify tcp port 8091 is free
[2026-02-27T10:26:05Z] DRY-RUN: create directory /Users/seanheiney/.local/share/wolfbbs
[2026-02-27T10:26:05Z] DRY-RUN: would write /Users/seanheiney/.local/share/wolfbbs/.env
[2026-02-27T10:26:05Z] DRY-RUN: skipping sysop user seeding check
[2026-02-27T10:26:05Z] DRY-RUN: would start compose services
[2026-02-27T10:26:05Z] DRY-RUN: skip runtime checks.
[2026-02-27T10:26:08Z] Detected platform: os=macos distro=macos like=n/a arch=arm64 pkg=brew
[2026-02-27T10:26:08Z] DRY-RUN: skip disk-space check
[2026-02-27T10:26:08Z] DRY-RUN: skip Docker install checks
[2026-02-27T10:26:08Z] Detected platform: os=macos distro=macos like=n/a arch=arm64 pkg=brew
[2026-02-27T10:26:08Z] DRY-RUN: skip disk-space check
[2026-02-27T10:26:08Z] DRY-RUN: skip Docker install checks
[2026-02-27T10:26:08Z] DRY-RUN: would verify tcp port 2222 is free
[2026-02-27T10:26:08Z] DRY-RUN: would verify tcp port 8080 is free
[2026-02-27T10:26:08Z] DRY-RUN: would verify tcp port 6667 is free
[2026-02-27T10:26:08Z] DRY-RUN: would verify tcp port 8091 is free
[2026-02-27T10:26:08Z] DRY-RUN: create directory /Users/seanheiney/.local/share/wolfbbs
[2026-02-27T10:26:08Z] DRY-RUN: would write /Users/seanheiney/.local/share/wolfbbs/.env
[2026-02-27T10:26:08Z] DRY-RUN: skipping sysop user seeding check
[2026-02-27T10:26:08Z] DRY-RUN: would start compose services
[2026-02-27T10:26:08Z] DRY-RUN: skip runtime checks.
[2026-02-27T10:26:08Z] Detected platform: os=macos distro=macos like=n/a arch=arm64 pkg=brew
[2026-02-27T10:26:08Z] DRY-RUN: skip disk-space check
[2026-02-27T10:26:08Z] DRY-RUN: skip Docker install checks
[2026-02-27T10:26:08Z] DRY-RUN: would verify tcp port 2222 is free
[2026-02-27T10:26:08Z] DRY-RUN: would verify tcp port 8080 is free
[2026-02-27T10:26:08Z] DRY-RUN: would verify tcp port 6667 is free
[2026-02-27T10:26:08Z] DRY-RUN: would verify tcp port 8091 is free
[2026-02-27T10:26:08Z] DRY-RUN: create directory /Users/seanheiney/.local/share/wolfbbs
[2026-02-27T10:26:08Z] DRY-RUN: would write /Users/seanheiney/.local/share/wolfbbs/.env
[2026-02-27T10:26:08Z] DRY-RUN: skipping sysop user seeding check
[2026-02-27T10:26:08Z] DRY-RUN: would start compose services
[2026-02-27T10:26:08Z] DRY-RUN: skip runtime checks.
[2026-02-27T10:26:56Z] Detected platform: os=macos distro=macos like=n/a arch=arm64 pkg=brew
[2026-02-27T10:26:58Z] DRY-RUN: skip disk-space check
[2026-02-27T10:26:58Z] DRY-RUN: skip Docker install checks
[2026-02-27T10:26:58Z] DRY-RUN: would verify tcp port 2222 is free
[2026-02-27T10:26:58Z] DRY-RUN: would verify tcp port 8080 is free
[2026-02-27T10:26:58Z] DRY-RUN: would verify tcp port 6667 is free
[2026-02-27T10:26:58Z] DRY-RUN: would verify tcp port 8091 is free
[2026-02-27T10:26:58Z] DRY-RUN: create directory /Users/seanheiney/.local/share/wolfbbs
[2026-02-27T10:26:58Z] DRY-RUN: would write /Users/seanheiney/.local/share/wolfbbs/.env
[2026-02-27T10:26:58Z] DRY-RUN: skipping sysop user seeding check
[2026-02-27T10:26:58Z] DRY-RUN: would start compose services
[2026-02-27T10:26:58Z] DRY-RUN: skip runtime checks.
[2026-02-27T10:27:00Z] Detected platform: os=macos distro=macos like=n/a arch=arm64 pkg=brew
[2026-02-27T10:27:00Z] DRY-RUN: skip disk-space check
[2026-02-27T10:27:00Z] DRY-RUN: skip Docker install checks
[2026-02-27T10:27:00Z] Detected platform: os=macos distro=macos like=n/a arch=arm64 pkg=brew
[2026-02-27T10:27:00Z] DRY-RUN: skip disk-space check
[2026-02-27T10:27:00Z] DRY-RUN: skip Docker install checks
[2026-02-27T10:27:00Z] DRY-RUN: would verify tcp port 2222 is free
[2026-02-27T10:27:00Z] DRY-RUN: would verify tcp port 8080 is free
[2026-02-27T10:27:00Z] DRY-RUN: would verify tcp port 6667 is free
[2026-02-27T10:27:00Z] DRY-RUN: would verify tcp port 8091 is free
[2026-02-27T10:27:00Z] DRY-RUN: create directory /Users/seanheiney/.local/share/wolfbbs
[2026-02-27T10:27:00Z] DRY-RUN: would write /Users/seanheiney/.local/share/wolfbbs/.env
[2026-02-27T10:27:00Z] DRY-RUN: skipping sysop user seeding check
[2026-02-27T10:27:00Z] DRY-RUN: would start compose services
[2026-02-27T10:27:00Z] DRY-RUN: skip runtime checks.
[2026-02-27T10:27:00Z] Detected platform: os=macos distro=macos like=n/a arch=arm64 pkg=brew
[2026-02-27T10:27:00Z] DRY-RUN: skip disk-space check
[2026-02-27T10:27:00Z] DRY-RUN: skip Docker install checks
[2026-02-27T10:27:00Z] DRY-RUN: would verify tcp port 2222 is free
[2026-02-27T10:27:00Z] DRY-RUN: would verify tcp port 8080 is free
[2026-02-27T10:27:00Z] DRY-RUN: would verify tcp port 6667 is free
[2026-02-27T10:27:00Z] DRY-RUN: would verify tcp port 8091 is free
[2026-02-27T10:27:00Z] DRY-RUN: create directory /Users/seanheiney/.local/share/wolfbbs
[2026-02-27T10:27:00Z] DRY-RUN: would write /Users/seanheiney/.local/share/wolfbbs/.env
[2026-02-27T10:27:00Z] DRY-RUN: skipping sysop user seeding check
[2026-02-27T10:27:00Z] DRY-RUN: would start compose services
[2026-02-27T10:27:00Z] DRY-RUN: skip runtime checks.
[2026-02-27T11:46:26Z] Detected platform: os=macos distro=macos like=n/a arch=arm64 pkg=brew
[2026-02-27T11:46:27Z] DRY-RUN: skip disk-space check
[2026-02-27T11:46:27Z] DRY-RUN: skip Docker install checks
[2026-02-27T11:46:27Z] DRY-RUN: would verify tcp port 2222 is free
[2026-02-27T11:46:27Z] DRY-RUN: would verify tcp port 8080 is free
[2026-02-27T11:46:27Z] DRY-RUN: would verify tcp port 6667 is free
[2026-02-27T11:46:27Z] DRY-RUN: would verify tcp port 8091 is free
[2026-02-27T11:46:27Z] DRY-RUN: create directory /Users/seanheiney/.local/share/wolfbbs
[2026-02-27T11:46:27Z] DRY-RUN: would write /Users/seanheiney/.local/share/wolfbbs/.env
[2026-02-27T11:46:27Z] DRY-RUN: skipping sysop user seeding check
[2026-02-27T11:46:27Z] DRY-RUN: would start compose services
[2026-02-27T11:46:27Z] DRY-RUN: skip runtime checks.
[2026-02-27T11:46:27Z] Detected platform: os=macos distro=macos like=n/a arch=arm64 pkg=brew
[2026-02-27T11:46:27Z] DRY-RUN: skip disk-space check
[2026-02-27T11:46:27Z] DRY-RUN: skip Docker install checks
[2026-02-27T11:46:27Z] Detected platform: os=macos distro=macos like=n/a arch=arm64 pkg=brew
[2026-02-27T11:46:27Z] DRY-RUN: skip disk-space check
[2026-02-27T11:46:27Z] DRY-RUN: skip Docker install checks
[2026-02-27T11:46:27Z] DRY-RUN: would verify tcp port 2222 is free
[2026-02-27T11:46:27Z] DRY-RUN: would verify tcp port 8080 is free
[2026-02-27T11:46:27Z] DRY-RUN: would verify tcp port 6667 is free
[2026-02-27T11:46:27Z] DRY-RUN: would verify tcp port 8091 is free
[2026-02-27T11:46:27Z] DRY-RUN: create directory /Users/seanheiney/.local/share/wolfbbs
[2026-02-27T11:46:27Z] DRY-RUN: would write /Users/seanheiney/.local/share/wolfbbs/.env
[2026-02-27T11:46:27Z] DRY-RUN: skipping sysop user seeding check
[2026-02-27T11:46:27Z] DRY-RUN: would start compose services
[2026-02-27T11:46:27Z] DRY-RUN: skip runtime checks.
[2026-02-27T11:46:27Z] Detected platform: os=macos distro=macos like=n/a arch=arm64 pkg=brew
[2026-02-27T11:46:27Z] DRY-RUN: skip disk-space check
[2026-02-27T11:46:27Z] DRY-RUN: skip Docker install checks
[2026-02-27T11:46:27Z] DRY-RUN: would verify tcp port 2222 is free
[2026-02-27T11:46:27Z] DRY-RUN: would verify tcp port 8080 is free
[2026-02-27T11:46:27Z] DRY-RUN: would verify tcp port 6667 is free
[2026-02-27T11:46:27Z] DRY-RUN: would verify tcp port 8091 is free
[2026-02-27T11:46:27Z] DRY-RUN: create directory /Users/seanheiney/.local/share/wolfbbs
[2026-02-27T11:46:27Z] DRY-RUN: would write /Users/seanheiney/.local/share/wolfbbs/.env
[2026-02-27T11:46:27Z] DRY-RUN: skipping sysop user seeding check
[2026-02-27T11:46:27Z] DRY-RUN: would start compose services
[2026-02-27T11:46:27Z] DRY-RUN: skip runtime checks.
[2026-02-27T11:46:34Z] Detected platform: os=macos distro=macos like=n/a arch=arm64 pkg=brew
[2026-02-27T11:46:34Z] DRY-RUN: skip disk-space check
[2026-02-27T11:46:34Z] DRY-RUN: skip Docker install checks
[2026-02-27T11:46:34Z] DRY-RUN: would verify tcp port 2222 is free
[2026-02-27T11:46:34Z] DRY-RUN: would verify tcp port 8080 is free
[2026-02-27T11:46:34Z] DRY-RUN: would verify tcp port 6667 is free
[2026-02-27T11:46:34Z] DRY-RUN: would verify tcp port 8091 is free
[2026-02-27T11:46:34Z] DRY-RUN: create directory /Users/seanheiney/.local/share/wolfbbs
[2026-02-27T11:46:34Z] DRY-RUN: would write /Users/seanheiney/.local/share/wolfbbs/.env
[2026-02-27T11:46:34Z] DRY-RUN: skipping sysop user seeding check
[2026-02-27T11:46:34Z] DRY-RUN: would start compose services
[2026-02-27T11:46:34Z] DRY-RUN: skip runtime checks.
[2026-02-27T11:46:34Z] Detected platform: os=macos distro=macos like=n/a arch=arm64 pkg=brew
[2026-02-27T11:46:34Z] DRY-RUN: skip disk-space check
[2026-02-27T11:46:34Z] DRY-RUN: skip Docker install checks
[2026-02-27T11:46:35Z] Detected platform: os=macos distro=macos like=n/a arch=arm64 pkg=brew
[2026-02-27T11:46:35Z] DRY-RUN: skip disk-space check
[2026-02-27T11:46:35Z] DRY-RUN: skip Docker install checks
[2026-02-27T11:46:35Z] DRY-RUN: would verify tcp port 2222 is free
[2026-02-27T11:46:35Z] DRY-RUN: would verify tcp port 8080 is free
[2026-02-27T11:46:35Z] DRY-RUN: would verify tcp port 6667 is free
[2026-02-27T11:46:35Z] DRY-RUN: would verify tcp port 8091 is free
[2026-02-27T11:46:35Z] DRY-RUN: create directory /Users/seanheiney/.local/share/wolfbbs
[2026-02-27T11:46:35Z] DRY-RUN: would write /Users/seanheiney/.local/share/wolfbbs/.env
[2026-02-27T11:46:35Z] DRY-RUN: skipping sysop user seeding check
[2026-02-27T11:46:35Z] DRY-RUN: would start compose services
[2026-02-27T11:46:35Z] DRY-RUN: skip runtime checks.
[2026-02-27T11:46:35Z] Detected platform: os=macos distro=macos like=n/a arch=arm64 pkg=brew
[2026-02-27T11:46:35Z] DRY-RUN: skip disk-space check
[2026-02-27T11:46:35Z] DRY-RUN: skip Docker install checks
[2026-02-27T11:46:35Z] DRY-RUN: would verify tcp port 2222 is free
[2026-02-27T11:46:35Z] DRY-RUN: would verify tcp port 8080 is free
[2026-02-27T11:46:35Z] DRY-RUN: would verify tcp port 6667 is free
[2026-02-27T11:46:35Z] DRY-RUN: would verify tcp port 8091 is free
[2026-02-27T11:46:35Z] DRY-RUN: create directory /Users/seanheiney/.local/share/wolfbbs
[2026-02-27T11:46:35Z] DRY-RUN: would write /Users/seanheiney/.local/share/wolfbbs/.env
[2026-02-27T11:46:35Z] DRY-RUN: skipping sysop user seeding check
[2026-02-27T11:46:35Z] DRY-RUN: would start compose services
[2026-02-27T11:46:35Z] DRY-RUN: skip runtime checks.
[2026-02-27T11:51:53Z] Detected platform: os=macos distro=macos like=n/a arch=arm64 pkg=brew
[2026-02-27T11:51:53Z] DRY-RUN: skip disk-space check
[2026-02-27T11:51:53Z] DRY-RUN: skip Docker install checks
[2026-02-27T11:51:53Z] DRY-RUN: would verify tcp port 2222 is free
[2026-02-27T11:51:53Z] DRY-RUN: would verify tcp port 8080 is free
[2026-02-27T11:51:53Z] DRY-RUN: would verify tcp port 6667 is free
[2026-02-27T11:51:53Z] DRY-RUN: would verify tcp port 8091 is free
[2026-02-27T11:51:53Z] DRY-RUN: create directory /Users/seanheiney/.local/share/wolfbbs
[2026-02-27T11:51:53Z] DRY-RUN: would write /Users/seanheiney/.local/share/wolfbbs/.env
[2026-02-27T11:51:53Z] DRY-RUN: skipping sysop user seeding check
[2026-02-27T11:51:53Z] DRY-RUN: would start compose services
[2026-02-27T11:51:53Z] DRY-RUN: skip runtime checks.
[2026-02-27T11:51:53Z] Detected platform: os=macos distro=macos like=n/a arch=arm64 pkg=brew
[2026-02-27T11:51:53Z] DRY-RUN: skip disk-space check
[2026-02-27T11:51:53Z] DRY-RUN: skip Docker install checks
[2026-02-27T11:51:53Z] Detected platform: os=macos distro=macos like=n/a arch=arm64 pkg=brew
[2026-02-27T11:51:53Z] DRY-RUN: skip disk-space check
[2026-02-27T11:51:53Z] DRY-RUN: skip Docker install checks
[2026-02-27T11:51:53Z] DRY-RUN: would verify tcp port 2222 is free
[2026-02-27T11:51:53Z] DRY-RUN: would verify tcp port 8080 is free
[2026-02-27T11:51:53Z] DRY-RUN: would verify tcp port 6667 is free
[2026-02-27T11:51:53Z] DRY-RUN: would verify tcp port 8091 is free
[2026-02-27T11:51:53Z] DRY-RUN: create directory /Users/seanheiney/.local/share/wolfbbs
[2026-02-27T11:51:54Z] DRY-RUN: would write /Users/seanheiney/.local/share/wolfbbs/.env
[2026-02-27T11:51:54Z] DRY-RUN: skipping sysop user seeding check
[2026-02-27T11:51:54Z] DRY-RUN: would start compose services
[2026-02-27T11:51:54Z] DRY-RUN: skip runtime checks.
[2026-02-27T11:51:54Z] Detected platform: os=macos distro=macos like=n/a arch=arm64 pkg=brew
[2026-02-27T11:51:54Z] DRY-RUN: skip disk-space check
[2026-02-27T11:51:54Z] DRY-RUN: skip Docker install checks
[2026-02-27T11:51:54Z] DRY-RUN: would verify tcp port 2222 is free
[2026-02-27T11:51:54Z] DRY-RUN: would verify tcp port 8080 is free
[2026-02-27T11:51:54Z] DRY-RUN: would verify tcp port 6667 is free
[2026-02-27T11:51:54Z] DRY-RUN: would verify tcp port 8091 is free
[2026-02-27T11:51:54Z] DRY-RUN: create directory /Users/seanheiney/.local/share/wolfbbs
[2026-02-27T11:51:54Z] DRY-RUN: would write /Users/seanheiney/.local/share/wolfbbs/.env
[2026-02-27T11:51:54Z] DRY-RUN: skipping sysop user seeding check
[2026-02-27T11:51:54Z] DRY-RUN: would start compose services
[2026-02-27T11:51:54Z] DRY-RUN: skip runtime checks.
[2026-02-27T11:52:01Z] Detected platform: os=macos distro=macos like=n/a arch=arm64 pkg=brew
[2026-02-27T11:52:01Z] DRY-RUN: skip disk-space check
[2026-02-27T11:52:01Z] DRY-RUN: skip Docker install checks
[2026-02-27T11:52:01Z] DRY-RUN: would verify tcp port 2222 is free
[2026-02-27T11:52:01Z] DRY-RUN: would verify tcp port 8080 is free
[2026-02-27T11:52:01Z] DRY-RUN: would verify tcp port 6667 is free
[2026-02-27T11:52:01Z] DRY-RUN: would verify tcp port 8091 is free
[2026-02-27T11:52:01Z] DRY-RUN: create directory /Users/seanheiney/.local/share/wolfbbs
[2026-02-27T11:52:01Z] DRY-RUN: would write /Users/seanheiney/.local/share/wolfbbs/.env
[2026-02-27T11:52:01Z] DRY-RUN: skipping sysop user seeding check
[2026-02-27T11:52:01Z] DRY-RUN: would start compose services
[2026-02-27T11:52:01Z] DRY-RUN: skip runtime checks.
[2026-02-27T11:52:01Z] Detected platform: os=macos distro=macos like=n/a arch=arm64 pkg=brew
[2026-02-27T11:52:01Z] DRY-RUN: skip disk-space check
[2026-02-27T11:52:01Z] DRY-RUN: skip Docker install checks
[2026-02-27T11:52:01Z] Detected platform: os=macos distro=macos like=n/a arch=arm64 pkg=brew
[2026-02-27T11:52:01Z] DRY-RUN: skip disk-space check
[2026-02-27T11:52:01Z] DRY-RUN: skip Docker install checks
[2026-02-27T11:52:01Z] DRY-RUN: would verify tcp port 2222 is free
[2026-02-27T11:52:01Z] DRY-RUN: would verify tcp port 8080 is free
[2026-02-27T11:52:01Z] DRY-RUN: would verify tcp port 6667 is free
[2026-02-27T11:52:01Z] DRY-RUN: would verify tcp port 8091 is free
[2026-02-27T11:52:01Z] DRY-RUN: create directory /Users/seanheiney/.local/share/wolfbbs
[2026-02-27T11:52:01Z] DRY-RUN: would write /Users/seanheiney/.local/share/wolfbbs/.env
[2026-02-27T11:52:01Z] DRY-RUN: skipping sysop user seeding check
[2026-02-27T11:52:01Z] DRY-RUN: would start compose services
[2026-02-27T11:52:01Z] DRY-RUN: skip runtime checks.
[2026-02-27T11:52:01Z] Detected platform: os=macos distro=macos like=n/a arch=arm64 pkg=brew
[2026-02-27T11:52:01Z] DRY-RUN: skip disk-space check
[2026-02-27T11:52:01Z] DRY-RUN: skip Docker install checks
[2026-02-27T11:52:01Z] DRY-RUN: would verify tcp port 2222 is free
[2026-02-27T11:52:01Z] DRY-RUN: would verify tcp port 8080 is free
[2026-02-27T11:52:01Z] DRY-RUN: would verify tcp port 6667 is free
[2026-02-27T11:52:01Z] DRY-RUN: would verify tcp port 8091 is free
[2026-02-27T11:52:01Z] DRY-RUN: create directory /Users/seanheiney/.local/share/wolfbbs
[2026-02-27T11:52:01Z] DRY-RUN: would write /Users/seanheiney/.local/share/wolfbbs/.env
[2026-02-27T11:52:01Z] DRY-RUN: skipping sysop user seeding check
[2026-02-27T11:52:01Z] DRY-RUN: would start compose services
[2026-02-27T11:52:01Z] DRY-RUN: skip runtime checks.
[2026-02-27T11:55:51Z] Detected platform: os=macos distro=macos like=n/a arch=arm64 pkg=brew
[2026-02-27T11:55:51Z] DRY-RUN: skip disk-space check
[2026-02-27T11:55:51Z] DRY-RUN: skip Docker install checks
[2026-02-27T11:55:51Z] DRY-RUN: would verify tcp port 2222 is free
[2026-02-27T11:55:51Z] DRY-RUN: would verify tcp port 8080 is free
[2026-02-27T11:55:51Z] DRY-RUN: would verify tcp port 6667 is free
[2026-02-27T11:55:51Z] DRY-RUN: would verify tcp port 8091 is free
[2026-02-27T11:55:51Z] DRY-RUN: create directory /Users/seanheiney/.local/share/wolfbbs
[2026-02-27T11:55:51Z] DRY-RUN: would write /Users/seanheiney/.local/share/wolfbbs/.env
[2026-02-27T11:55:51Z] DRY-RUN: skipping sysop user seeding check
[2026-02-27T11:55:51Z] DRY-RUN: would start compose services
[2026-02-27T11:55:51Z] DRY-RUN: skip runtime checks.
[2026-02-27T11:55:51Z] Detected platform: os=macos distro=macos like=n/a arch=arm64 pkg=brew
[2026-02-27T11:55:51Z] DRY-RUN: skip disk-space check
[2026-02-27T11:55:51Z] DRY-RUN: skip Docker install checks
[2026-02-27T11:55:51Z] Detected platform: os=macos distro=macos like=n/a arch=arm64 pkg=brew
[2026-02-27T11:55:51Z] DRY-RUN: skip disk-space check
[2026-02-27T11:55:51Z] DRY-RUN: skip Docker install checks
[2026-02-27T11:55:51Z] DRY-RUN: would verify tcp port 2222 is free
[2026-02-27T11:55:51Z] DRY-RUN: would verify tcp port 8080 is free
[2026-02-27T11:55:51Z] DRY-RUN: would verify tcp port 6667 is free
[2026-02-27T11:55:51Z] DRY-RUN: would verify tcp port 8091 is free
[2026-02-27T11:55:51Z] DRY-RUN: create directory /Users/seanheiney/.local/share/wolfbbs
[2026-02-27T11:55:51Z] DRY-RUN: would write /Users/seanheiney/.local/share/wolfbbs/.env
[2026-02-27T11:55:51Z] DRY-RUN: skipping sysop user seeding check
[2026-02-27T11:55:51Z] DRY-RUN: would start compose services
[2026-02-27T11:55:51Z] DRY-RUN: skip runtime checks.
[2026-02-27T11:55:51Z] Detected platform: os=macos distro=macos like=n/a arch=arm64 pkg=brew
[2026-02-27T11:55:51Z] DRY-RUN: skip disk-space check
[2026-02-27T11:55:51Z] DRY-RUN: skip Docker install checks
[2026-02-27T11:55:51Z] DRY-RUN: would verify tcp port 2222 is free
[2026-02-27T11:55:51Z] DRY-RUN: would verify tcp port 8080 is free
[2026-02-27T11:55:51Z] DRY-RUN: would verify tcp port 6667 is free
[2026-02-27T11:55:51Z] DRY-RUN: would verify tcp port 8091 is free
[2026-02-27T11:55:51Z] DRY-RUN: create directory /Users/seanheiney/.local/share/wolfbbs
[2026-02-27T11:55:51Z] DRY-RUN: would write /Users/seanheiney/.local/share/wolfbbs/.env
[2026-02-27T11:55:51Z] DRY-RUN: skipping sysop user seeding check
[2026-02-27T11:55:51Z] DRY-RUN: would start compose services
[2026-02-27T11:55:51Z] DRY-RUN: skip runtime checks.
[2026-02-27T11:57:18Z] Detected platform: os=macos distro=macos like=n/a arch=arm64 pkg=brew
[2026-02-27T11:57:18Z] DRY-RUN: skip disk-space check
[2026-02-27T11:57:18Z] DRY-RUN: skip Docker install checks
[2026-02-27T11:57:18Z] DRY-RUN: would verify tcp port 2222 is free
[2026-02-27T11:57:18Z] DRY-RUN: would verify tcp port 8080 is free
[2026-02-27T11:57:18Z] DRY-RUN: would verify tcp port 6667 is free
[2026-02-27T11:57:18Z] DRY-RUN: would verify tcp port 8091 is free
[2026-02-27T11:57:18Z] DRY-RUN: create directory /Users/seanheiney/.local/share/wolfbbs
[2026-02-27T11:57:18Z] DRY-RUN: would write /Users/seanheiney/.local/share/wolfbbs/.env
[2026-02-27T11:57:18Z] DRY-RUN: skipping sysop user seeding check
[2026-02-27T11:57:18Z] DRY-RUN: would start compose services
[2026-02-27T11:57:18Z] DRY-RUN: skip runtime checks.
[2026-02-27T11:57:18Z] Detected platform: os=macos distro=macos like=n/a arch=arm64 pkg=brew
[2026-02-27T11:57:18Z] DRY-RUN: skip disk-space check
[2026-02-27T11:57:18Z] DRY-RUN: skip Docker install checks
[2026-02-27T11:57:18Z] Detected platform: os=macos distro=macos like=n/a arch=arm64 pkg=brew
[2026-02-27T11:57:18Z] DRY-RUN: skip disk-space check
[2026-02-27T11:57:18Z] DRY-RUN: skip Docker install checks
[2026-02-27T11:57:18Z] DRY-RUN: would verify tcp port 2222 is free
[2026-02-27T11:57:18Z] DRY-RUN: would verify tcp port 8080 is free
[2026-02-27T11:57:18Z] DRY-RUN: would verify tcp port 6667 is free
[2026-02-27T11:57:18Z] DRY-RUN: would verify tcp port 8091 is free
[2026-02-27T11:57:18Z] DRY-RUN: create directory /Users/seanheiney/.local/share/wolfbbs
[2026-02-27T11:57:18Z] DRY-RUN: would write /Users/seanheiney/.local/share/wolfbbs/.env
[2026-02-27T11:57:18Z] DRY-RUN: skipping sysop user seeding check
[2026-02-27T11:57:18Z] DRY-RUN: would start compose services
[2026-02-27T11:57:18Z] DRY-RUN: skip runtime checks.
[2026-02-27T11:57:18Z] Detected platform: os=macos distro=macos like=n/a arch=arm64 pkg=brew
[2026-02-27T11:57:18Z] DRY-RUN: skip disk-space check
[2026-02-27T11:57:18Z] DRY-RUN: skip Docker install checks
[2026-02-27T11:57:18Z] DRY-RUN: would verify tcp port 2222 is free
[2026-02-27T11:57:18Z] DRY-RUN: would verify tcp port 8080 is free
[2026-02-27T11:57:18Z] DRY-RUN: would verify tcp port 6667 is free
[2026-02-27T11:57:18Z] DRY-RUN: would verify tcp port 8091 is free
[2026-02-27T11:57:18Z] DRY-RUN: create directory /Users/seanheiney/.local/share/wolfbbs
[2026-02-27T11:57:18Z] DRY-RUN: would write /Users/seanheiney/.local/share/wolfbbs/.env
[2026-02-27T11:57:18Z] DRY-RUN: skipping sysop user seeding check
[2026-02-27T11:57:18Z] DRY-RUN: would start compose services
[2026-02-27T11:57:18Z] DRY-RUN: skip runtime checks.
[2026-02-27T12:08:05Z] Detected platform: os=macos distro=macos like=n/a arch=arm64 pkg=brew
[2026-02-27T12:08:05Z] DRY-RUN: skip disk-space check
[2026-02-27T12:08:05Z] DRY-RUN: skip Docker install checks
[2026-02-27T12:08:05Z] DRY-RUN: would verify tcp port 2222 is free
[2026-02-27T12:08:05Z] DRY-RUN: would verify tcp port 8080 is free
[2026-02-27T12:08:05Z] DRY-RUN: would verify tcp port 6667 is free
[2026-02-27T12:08:05Z] DRY-RUN: would verify tcp port 8091 is free
[2026-02-27T12:08:05Z] DRY-RUN: create directory /Users/seanheiney/.local/share/wolfbbs
[2026-02-27T12:08:05Z] DRY-RUN: would write /Users/seanheiney/.local/share/wolfbbs/.env
[2026-02-27T12:08:05Z] DRY-RUN: skipping sysop user seeding check
[2026-02-27T12:08:05Z] DRY-RUN: would start compose services
[2026-02-27T12:08:05Z] DRY-RUN: skip runtime checks.
[2026-02-27T12:08:05Z] Detected platform: os=macos distro=macos like=n/a arch=arm64 pkg=brew
[2026-02-27T12:08:05Z] DRY-RUN: skip disk-space check
[2026-02-27T12:08:05Z] DRY-RUN: skip Docker install checks
[2026-02-27T12:08:06Z] Detected platform: os=macos distro=macos like=n/a arch=arm64 pkg=brew
[2026-02-27T12:08:06Z] DRY-RUN: skip disk-space check
[2026-02-27T12:08:06Z] DRY-RUN: skip Docker install checks
[2026-02-27T12:08:06Z] DRY-RUN: would verify tcp port 2222 is free
[2026-02-27T12:08:06Z] DRY-RUN: would verify tcp port 8080 is free
[2026-02-27T12:08:06Z] DRY-RUN: would verify tcp port 6667 is free
[2026-02-27T12:08:06Z] DRY-RUN: would verify tcp port 8091 is free
[2026-02-27T12:08:06Z] DRY-RUN: create directory /Users/seanheiney/.local/share/wolfbbs
[2026-02-27T12:08:06Z] DRY-RUN: would write /Users/seanheiney/.local/share/wolfbbs/.env
[2026-02-27T12:08:06Z] DRY-RUN: skipping sysop user seeding check
[2026-02-27T12:08:06Z] DRY-RUN: would start compose services
[2026-02-27T12:08:06Z] DRY-RUN: skip runtime checks.
[2026-02-27T12:08:06Z] Detected platform: os=macos distro=macos like=n/a arch=arm64 pkg=brew
[2026-02-27T12:08:06Z] DRY-RUN: skip disk-space check
[2026-02-27T12:08:06Z] DRY-RUN: skip Docker install checks
[2026-02-27T12:08:06Z] DRY-RUN: would verify tcp port 2222 is free
[2026-02-27T12:08:06Z] DRY-RUN: would verify tcp port 8080 is free
[2026-02-27T12:08:06Z] DRY-RUN: would verify tcp port 6667 is free
[2026-02-27T12:08:06Z] DRY-RUN: would verify tcp port 8091 is free
[2026-02-27T12:08:06Z] DRY-RUN: create directory /Users/seanheiney/.local/share/wolfbbs
[2026-02-27T12:08:06Z] DRY-RUN: would write /Users/seanheiney/.local/share/wolfbbs/.env
[2026-02-27T12:08:06Z] DRY-RUN: skipping sysop user seeding check
[2026-02-27T12:08:06Z] DRY-RUN: would start compose services
[2026-02-27T12:08:06Z] DRY-RUN: skip runtime checks.
[2026-02-27T12:08:16Z] Detected platform: os=macos distro=macos like=n/a arch=arm64 pkg=brew
[2026-02-27T12:08:16Z] DRY-RUN: skip disk-space check
[2026-02-27T12:08:16Z] DRY-RUN: skip Docker install checks
[2026-02-27T12:08:16Z] DRY-RUN: would verify tcp port 2222 is free
[2026-02-27T12:08:16Z] DRY-RUN: would verify tcp port 8080 is free
[2026-02-27T12:08:16Z] DRY-RUN: would verify tcp port 6667 is free
[2026-02-27T12:08:16Z] DRY-RUN: would verify tcp port 8091 is free
[2026-02-27T12:08:16Z] DRY-RUN: create directory /Users/seanheiney/.local/share/wolfbbs
[2026-02-27T12:08:16Z] DRY-RUN: would write /Users/seanheiney/.local/share/wolfbbs/.env
[2026-02-27T12:08:16Z] DRY-RUN: skipping sysop user seeding check
[2026-02-27T12:08:16Z] DRY-RUN: would start compose services
[2026-02-27T12:08:16Z] DRY-RUN: skip runtime checks.
[2026-02-27T12:08:16Z] Detected platform: os=macos distro=macos like=n/a arch=arm64 pkg=brew
[2026-02-27T12:08:16Z] DRY-RUN: skip disk-space check
[2026-02-27T12:08:16Z] DRY-RUN: skip Docker install checks
[2026-02-27T12:08:16Z] Detected platform: os=macos distro=macos like=n/a arch=arm64 pkg=brew
[2026-02-27T12:08:16Z] DRY-RUN: skip disk-space check
[2026-02-27T12:08:16Z] DRY-RUN: skip Docker install checks
[2026-02-27T12:08:16Z] DRY-RUN: would verify tcp port 2222 is free
[2026-02-27T12:08:16Z] DRY-RUN: would verify tcp port 8080 is free
[2026-02-27T12:08:16Z] DRY-RUN: would verify tcp port 6667 is free
[2026-02-27T12:08:16Z] DRY-RUN: would verify tcp port 8091 is free
[2026-02-27T12:08:16Z] DRY-RUN: create directory /Users/seanheiney/.local/share/wolfbbs
[2026-02-27T12:08:16Z] DRY-RUN: would write /Users/seanheiney/.local/share/wolfbbs/.env
[2026-02-27T12:08:16Z] DRY-RUN: skipping sysop user seeding check
[2026-02-27T12:08:16Z] DRY-RUN: would start compose services
[2026-02-27T12:08:16Z] DRY-RUN: skip runtime checks.
[2026-02-27T12:08:16Z] Detected platform: os=macos distro=macos like=n/a arch=arm64 pkg=brew
[2026-02-27T12:08:16Z] DRY-RUN: skip disk-space check
[2026-02-27T12:08:16Z] DRY-RUN: skip Docker install checks
[2026-02-27T12:08:16Z] DRY-RUN: would verify tcp port 2222 is free
[2026-02-27T12:08:16Z] DRY-RUN: would verify tcp port 8080 is free
[2026-02-27T12:08:17Z] DRY-RUN: would verify tcp port 6667 is free
[2026-02-27T12:08:17Z] DRY-RUN: would verify tcp port 8091 is free
[2026-02-27T12:08:17Z] DRY-RUN: create directory /Users/seanheiney/.local/share/wolfbbs
[2026-02-27T12:08:17Z] DRY-RUN: would write /Users/seanheiney/.local/share/wolfbbs/.env
[2026-02-27T12:08:17Z] DRY-RUN: skipping sysop user seeding check
[2026-02-27T12:08:17Z] DRY-RUN: would start compose services
[2026-02-27T12:08:17Z] DRY-RUN: skip runtime checks.
[2026-02-27T12:15:11Z] Detected platform: os=macos distro=macos like=n/a arch=arm64 pkg=brew
[2026-02-27T12:15:11Z] DRY-RUN: skip disk-space check
[2026-02-27T12:15:11Z] DRY-RUN: skip Docker install checks
[2026-02-27T12:15:11Z] DRY-RUN: would verify tcp port 2222 is free
[2026-02-27T12:15:11Z] DRY-RUN: would verify tcp port 8080 is free
[2026-02-27T12:15:11Z] DRY-RUN: would verify tcp port 6667 is free
[2026-02-27T12:15:11Z] DRY-RUN: would verify tcp port 8091 is free
[2026-02-27T12:15:11Z] DRY-RUN: create directory /Users/seanheiney/.local/share/wolfbbs
[2026-02-27T12:15:11Z] DRY-RUN: would write /Users/seanheiney/.local/share/wolfbbs/.env
[2026-02-27T12:15:11Z] DRY-RUN: skipping sysop user seeding check
[2026-02-27T12:15:11Z] DRY-RUN: would start compose services
[2026-02-27T12:15:11Z] DRY-RUN: skip runtime checks.
[2026-02-27T12:15:11Z] Detected platform: os=macos distro=macos like=n/a arch=arm64 pkg=brew
[2026-02-27T12:15:11Z] DRY-RUN: skip disk-space check
[2026-02-27T12:15:11Z] DRY-RUN: skip Docker install checks
[2026-02-27T12:15:11Z] Detected platform: os=macos distro=macos like=n/a arch=arm64 pkg=brew
[2026-02-27T12:15:11Z] DRY-RUN: skip disk-space check
[2026-02-27T12:15:11Z] DRY-RUN: skip Docker install checks
[2026-02-27T12:15:11Z] DRY-RUN: would verify tcp port 2222 is free
[2026-02-27T12:15:11Z] DRY-RUN: would verify tcp port 8080 is free
[2026-02-27T12:15:11Z] DRY-RUN: would verify tcp port 6667 is free
[2026-02-27T12:15:11Z] DRY-RUN: would verify tcp port 8091 is free
[2026-02-27T12:15:11Z] DRY-RUN: create directory /Users/seanheiney/.local/share/wolfbbs
[2026-02-27T12:15:11Z] DRY-RUN: would write /Users/seanheiney/.local/share/wolfbbs/.env
[2026-02-27T12:15:11Z] DRY-RUN: skipping sysop user seeding check
[2026-02-27T12:15:11Z] DRY-RUN: would start compose services
[2026-02-27T12:15:11Z] DRY-RUN: skip runtime checks.
[2026-02-27T12:15:11Z] Detected platform: os=macos distro=macos like=n/a arch=arm64 pkg=brew
[2026-02-27T12:15:11Z] DRY-RUN: skip disk-space check
[2026-02-27T12:15:11Z] DRY-RUN: skip Docker install checks
[2026-02-27T12:15:11Z] DRY-RUN: would verify tcp port 2222 is free
[2026-02-27T12:15:11Z] DRY-RUN: would verify tcp port 8080 is free
[2026-02-27T12:15:11Z] DRY-RUN: would verify tcp port 6667 is free
[2026-02-27T12:15:11Z] DRY-RUN: would verify tcp port 8091 is free
[2026-02-27T12:15:11Z] DRY-RUN: create directory /Users/seanheiney/.local/share/wolfbbs
[2026-02-27T12:15:11Z] DRY-RUN: would write /Users/seanheiney/.local/share/wolfbbs/.env
[2026-02-27T12:15:11Z] DRY-RUN: skipping sysop user seeding check
[2026-02-27T12:15:11Z] DRY-RUN: would start compose services
[2026-02-27T12:15:11Z] DRY-RUN: skip runtime checks.
[2026-02-27T12:15:57Z] Detected platform: os=macos distro=macos like=n/a arch=arm64 pkg=brew
[2026-02-27T12:15:57Z] DRY-RUN: skip disk-space check
[2026-02-27T12:15:57Z] DRY-RUN: skip Docker install checks
[2026-02-27T12:15:57Z] DRY-RUN: would verify tcp port 2222 is free
[2026-02-27T12:15:57Z] DRY-RUN: would verify tcp port 8080 is free
[2026-02-27T12:15:57Z] DRY-RUN: would verify tcp port 6667 is free
[2026-02-27T12:15:57Z] DRY-RUN: would verify tcp port 8091 is free
[2026-02-27T12:15:57Z] DRY-RUN: create directory /Users/seanheiney/.local/share/wolfbbs
[2026-02-27T12:15:57Z] DRY-RUN: would write /Users/seanheiney/.local/share/wolfbbs/.env
[2026-02-27T12:15:57Z] DRY-RUN: skipping sysop user seeding check
[2026-02-27T12:15:57Z] DRY-RUN: would start compose services
[2026-02-27T12:15:57Z] DRY-RUN: skip runtime checks.
[2026-02-27T12:35:15Z] Detected platform: os=macos distro=macos like=n/a arch=arm64 pkg=brew
[2026-02-27T12:35:17Z] DRY-RUN: skip disk-space check
[2026-02-27T12:35:17Z] DRY-RUN: skip Docker install checks
[2026-02-27T12:35:17Z] DRY-RUN: would verify tcp port 2222 is free
[2026-02-27T12:35:17Z] DRY-RUN: would verify tcp port 8080 is free
[2026-02-27T12:35:17Z] DRY-RUN: would verify tcp port 6667 is free
[2026-02-27T12:35:17Z] DRY-RUN: would verify tcp port 8091 is free
[2026-02-27T12:35:17Z] DRY-RUN: create directory /Users/seanheiney/.local/share/wolfbbs
[2026-02-27T12:35:17Z] DRY-RUN: would write /Users/seanheiney/.local/share/wolfbbs/.env
[2026-02-27T12:35:17Z] DRY-RUN: skipping sysop user seeding check
[2026-02-27T12:35:17Z] DRY-RUN: would start compose services
[2026-02-27T12:35:17Z] DRY-RUN: skip runtime checks.
[2026-02-27T12:35:17Z] Detected platform: os=macos distro=macos like=n/a arch=arm64 pkg=brew
[2026-02-27T12:35:17Z] DRY-RUN: skip disk-space check
[2026-02-27T12:35:17Z] DRY-RUN: skip Docker install checks
[2026-02-27T12:35:17Z] Detected platform: os=macos distro=macos like=n/a arch=arm64 pkg=brew
[2026-02-27T12:35:17Z] DRY-RUN: skip disk-space check
[2026-02-27T12:35:17Z] DRY-RUN: skip Docker install checks
[2026-02-27T12:35:17Z] DRY-RUN: would verify tcp port 2222 is free
[2026-02-27T12:35:17Z] DRY-RUN: would verify tcp port 8080 is free
[2026-02-27T12:35:17Z] DRY-RUN: would verify tcp port 6667 is free
[2026-02-27T12:35:17Z] DRY-RUN: would verify tcp port 8091 is free
[2026-02-27T12:35:17Z] DRY-RUN: create directory /Users/seanheiney/.local/share/wolfbbs
[2026-02-27T12:35:17Z] DRY-RUN: would write /Users/seanheiney/.local/share/wolfbbs/.env
[2026-02-27T12:35:17Z] DRY-RUN: skipping sysop user seeding check
[2026-02-27T12:35:17Z] DRY-RUN: would start compose services
[2026-02-27T12:35:17Z] DRY-RUN: skip runtime checks.
[2026-02-27T12:35:17Z] Detected platform: os=macos distro=macos like=n/a arch=arm64 pkg=brew
[2026-02-27T12:35:17Z] DRY-RUN: skip disk-space check
[2026-02-27T12:35:17Z] DRY-RUN: skip Docker install checks
[2026-02-27T12:35:17Z] DRY-RUN: would verify tcp port 2222 is free
[2026-02-27T12:35:17Z] DRY-RUN: would verify tcp port 8080 is free
[2026-02-27T12:35:17Z] DRY-RUN: would verify tcp port 6667 is free
[2026-02-27T12:35:17Z] DRY-RUN: would verify tcp port 8091 is free
[2026-02-27T12:35:17Z] DRY-RUN: create directory /Users/seanheiney/.local/share/wolfbbs
[2026-02-27T12:35:17Z] DRY-RUN: would write /Users/seanheiney/.local/share/wolfbbs/.env
[2026-02-27T12:35:17Z] DRY-RUN: skipping sysop user seeding check
[2026-02-27T12:35:17Z] DRY-RUN: would start compose services
[2026-02-27T12:35:17Z] DRY-RUN: skip runtime checks.
[2026-02-27T12:35:25Z] Detected platform: os=macos distro=macos like=n/a arch=arm64 pkg=brew
[2026-02-27T12:35:25Z] DRY-RUN: skip disk-space check
[2026-02-27T12:35:25Z] DRY-RUN: skip Docker install checks
[2026-02-27T12:35:25Z] DRY-RUN: would verify tcp port 2222 is free
[2026-02-27T12:35:25Z] DRY-RUN: would verify tcp port 8080 is free
[2026-02-27T12:35:25Z] DRY-RUN: would verify tcp port 6667 is free
[2026-02-27T12:35:25Z] DRY-RUN: would verify tcp port 8091 is free
[2026-02-27T12:35:25Z] DRY-RUN: create directory /Users/seanheiney/.local/share/wolfbbs
[2026-02-27T12:35:25Z] DRY-RUN: would write /Users/seanheiney/.local/share/wolfbbs/.env
[2026-02-27T12:35:25Z] DRY-RUN: skipping sysop user seeding check
[2026-02-27T12:35:25Z] DRY-RUN: would start compose services
[2026-02-27T12:35:25Z] DRY-RUN: skip runtime checks.
[2026-02-27T12:35:25Z] Detected platform: os=macos distro=macos like=n/a arch=arm64 pkg=brew
[2026-02-27T12:35:25Z] DRY-RUN: skip disk-space check
[2026-02-27T12:35:25Z] DRY-RUN: skip Docker install checks
[2026-02-27T12:35:25Z] Detected platform: os=macos distro=macos like=n/a arch=arm64 pkg=brew
[2026-02-27T12:35:25Z] DRY-RUN: skip disk-space check
[2026-02-27T12:35:25Z] DRY-RUN: skip Docker install checks
[2026-02-27T12:35:25Z] DRY-RUN: would verify tcp port 2222 is free
[2026-02-27T12:35:25Z] DRY-RUN: would verify tcp port 8080 is free
[2026-02-27T12:35:25Z] DRY-RUN: would verify tcp port 6667 is free
[2026-02-27T12:35:25Z] DRY-RUN: would verify tcp port 8091 is free
[2026-02-27T12:35:25Z] DRY-RUN: create directory /Users/seanheiney/.local/share/wolfbbs
[2026-02-27T12:35:25Z] DRY-RUN: would write /Users/seanheiney/.local/share/wolfbbs/.env
[2026-02-27T12:35:25Z] DRY-RUN: skipping sysop user seeding check
[2026-02-27T12:35:25Z] DRY-RUN: would start compose services
[2026-02-27T12:35:25Z] DRY-RUN: skip runtime checks.
[2026-02-27T12:35:25Z] Detected platform: os=macos distro=macos like=n/a arch=arm64 pkg=brew
[2026-02-27T12:35:25Z] DRY-RUN: skip disk-space check
[2026-02-27T12:35:25Z] DRY-RUN: skip Docker install checks
[2026-02-27T12:35:25Z] DRY-RUN: would verify tcp port 2222 is free
[2026-02-27T12:35:25Z] DRY-RUN: would verify tcp port 8080 is free
[2026-02-27T12:35:25Z] DRY-RUN: would verify tcp port 6667 is free
[2026-02-27T12:35:25Z] DRY-RUN: would verify tcp port 8091 is free
[2026-02-27T12:35:25Z] DRY-RUN: create directory /Users/seanheiney/.local/share/wolfbbs
[2026-02-27T12:35:25Z] DRY-RUN: would write /Users/seanheiney/.local/share/wolfbbs/.env
[2026-02-27T12:35:25Z] DRY-RUN: skipping sysop user seeding check
[2026-02-27T12:35:25Z] DRY-RUN: would start compose services
[2026-02-27T12:35:25Z] DRY-RUN: skip runtime checks.
[2026-02-27T12:39:31Z] Detected platform: os=macos distro=macos like=n/a arch=arm64 pkg=brew
[2026-02-27T12:39:31Z] DRY-RUN: skip disk-space check
[2026-02-27T12:39:31Z] DRY-RUN: skip Docker install checks
[2026-02-27T12:39:31Z] DRY-RUN: would verify tcp port 2222 is free
[2026-02-27T12:39:31Z] DRY-RUN: would verify tcp port 8080 is free
[2026-02-27T12:39:31Z] DRY-RUN: would verify tcp port 6667 is free
[2026-02-27T12:39:31Z] DRY-RUN: would verify tcp port 8091 is free
[2026-02-27T12:39:31Z] DRY-RUN: create directory /Users/seanheiney/.local/share/wolfbbs
[2026-02-27T12:39:31Z] DRY-RUN: would write /Users/seanheiney/.local/share/wolfbbs/.env
[2026-02-27T12:39:31Z] DRY-RUN: skipping sysop user seeding check
[2026-02-27T12:39:31Z] DRY-RUN: would start compose services
[2026-02-27T12:39:31Z] DRY-RUN: skip runtime checks.
[2026-02-27T12:39:31Z] Detected platform: os=macos distro=macos like=n/a arch=arm64 pkg=brew
[2026-02-27T12:39:31Z] DRY-RUN: skip disk-space check
[2026-02-27T12:39:31Z] DRY-RUN: skip Docker install checks
[2026-02-27T12:39:31Z] Detected platform: os=macos distro=macos like=n/a arch=arm64 pkg=brew
[2026-02-27T12:39:31Z] DRY-RUN: skip disk-space check
[2026-02-27T12:39:31Z] DRY-RUN: skip Docker install checks
[2026-02-27T12:39:31Z] DRY-RUN: would verify tcp port 2222 is free
[2026-02-27T12:39:31Z] DRY-RUN: would verify tcp port 8080 is free
[2026-02-27T12:39:31Z] DRY-RUN: would verify tcp port 6667 is free
[2026-02-27T12:39:31Z] DRY-RUN: would verify tcp port 8091 is free
[2026-02-27T12:39:31Z] DRY-RUN: create directory /Users/seanheiney/.local/share/wolfbbs
[2026-02-27T12:39:31Z] DRY-RUN: would write /Users/seanheiney/.local/share/wolfbbs/.env
[2026-02-27T12:39:31Z] DRY-RUN: skipping sysop user seeding check
[2026-02-27T12:39:31Z] DRY-RUN: would start compose services
[2026-02-27T12:39:31Z] DRY-RUN: skip runtime checks.
[2026-02-27T12:39:31Z] Detected platform: os=macos distro=macos like=n/a arch=arm64 pkg=brew
[2026-02-27T12:39:31Z] DRY-RUN: skip disk-space check
[2026-02-27T12:39:31Z] DRY-RUN: skip Docker install checks
[2026-02-27T12:39:31Z] DRY-RUN: would verify tcp port 2222 is free
[2026-02-27T12:39:31Z] DRY-RUN: would verify tcp port 8080 is free
[2026-02-27T12:39:31Z] DRY-RUN: would verify tcp port 6667 is free
[2026-02-27T12:39:31Z] DRY-RUN: would verify tcp port 8091 is free
[2026-02-27T12:39:31Z] DRY-RUN: create directory /Users/seanheiney/.local/share/wolfbbs
[2026-02-27T12:39:31Z] DRY-RUN: would write /Users/seanheiney/.local/share/wolfbbs/.env
[2026-02-27T12:39:31Z] DRY-RUN: skipping sysop user seeding check
[2026-02-27T12:39:31Z] DRY-RUN: would start compose services
[2026-02-27T12:39:31Z] DRY-RUN: skip runtime checks.
[2026-02-27T12:39:39Z] Detected platform: os=macos distro=macos like=n/a arch=arm64 pkg=brew
[2026-02-27T12:39:39Z] DRY-RUN: skip disk-space check
[2026-02-27T12:39:39Z] DRY-RUN: skip Docker install checks
[2026-02-27T12:39:39Z] DRY-RUN: would verify tcp port 2222 is free
[2026-02-27T12:39:39Z] DRY-RUN: would verify tcp port 8080 is free
[2026-02-27T12:39:39Z] DRY-RUN: would verify tcp port 6667 is free
[2026-02-27T12:39:39Z] DRY-RUN: would verify tcp port 8091 is free
[2026-02-27T12:39:39Z] DRY-RUN: create directory /Users/seanheiney/.local/share/wolfbbs
[2026-02-27T12:39:39Z] DRY-RUN: would write /Users/seanheiney/.local/share/wolfbbs/.env
[2026-02-27T12:39:39Z] DRY-RUN: skipping sysop user seeding check
[2026-02-27T12:39:39Z] DRY-RUN: would start compose services
[2026-02-27T12:39:40Z] DRY-RUN: skip runtime checks.
[2026-02-27T12:39:40Z] Detected platform: os=macos distro=macos like=n/a arch=arm64 pkg=brew
[2026-02-27T12:39:40Z] DRY-RUN: skip disk-space check
[2026-02-27T12:39:40Z] DRY-RUN: skip Docker install checks
[2026-02-27T12:39:40Z] Detected platform: os=macos distro=macos like=n/a arch=arm64 pkg=brew
[2026-02-27T12:39:40Z] DRY-RUN: skip disk-space check
[2026-02-27T12:39:40Z] DRY-RUN: skip Docker install checks
[2026-02-27T12:39:40Z] DRY-RUN: would verify tcp port 2222 is free
[2026-02-27T12:39:40Z] DRY-RUN: would verify tcp port 8080 is free
[2026-02-27T12:39:40Z] DRY-RUN: would verify tcp port 6667 is free
[2026-02-27T12:39:40Z] DRY-RUN: would verify tcp port 8091 is free
[2026-02-27T12:39:40Z] DRY-RUN: create directory /Users/seanheiney/.local/share/wolfbbs
[2026-02-27T12:39:40Z] DRY-RUN: would write /Users/seanheiney/.local/share/wolfbbs/.env
[2026-02-27T12:39:40Z] DRY-RUN: skipping sysop user seeding check
[2026-02-27T12:39:40Z] DRY-RUN: would start compose services
[2026-02-27T12:39:40Z] DRY-RUN: skip runtime checks.
[2026-02-27T12:39:40Z] Detected platform: os=macos distro=macos like=n/a arch=arm64 pkg=brew
[2026-02-27T12:39:40Z] DRY-RUN: skip disk-space check
[2026-02-27T12:39:40Z] DRY-RUN: skip Docker install checks
[2026-02-27T12:39:40Z] DRY-RUN: would verify tcp port 2222 is free
[2026-02-27T12:39:40Z] DRY-RUN: would verify tcp port 8080 is free
[2026-02-27T12:39:40Z] DRY-RUN: would verify tcp port 6667 is free
[2026-02-27T12:39:40Z] DRY-RUN: would verify tcp port 8091 is free
[2026-02-27T12:39:40Z] DRY-RUN: create directory /Users/seanheiney/.local/share/wolfbbs
[2026-02-27T12:39:40Z] DRY-RUN: would write /Users/seanheiney/.local/share/wolfbbs/.env
[2026-02-27T12:39:40Z] DRY-RUN: skipping sysop user seeding check
[2026-02-27T12:39:40Z] DRY-RUN: would start compose services
[2026-02-27T12:39:40Z] DRY-RUN: skip runtime checks.
[2026-02-27T12:41:29Z] Detected platform: os=macos distro=macos like=n/a arch=arm64 pkg=brew
[2026-02-27T12:41:29Z] DRY-RUN: skip disk-space check
[2026-02-27T12:41:29Z] DRY-RUN: skip Docker install checks
[2026-02-27T12:41:29Z] DRY-RUN: would verify tcp port 2222 is free
[2026-02-27T12:41:29Z] DRY-RUN: would verify tcp port 8080 is free
[2026-02-27T12:41:29Z] DRY-RUN: would verify tcp port 6667 is free
[2026-02-27T12:41:29Z] DRY-RUN: would verify tcp port 8091 is free
[2026-02-27T12:41:29Z] DRY-RUN: create directory /Users/seanheiney/.local/share/wolfbbs
[2026-02-27T12:41:29Z] DRY-RUN: would write /Users/seanheiney/.local/share/wolfbbs/.env
[2026-02-27T12:41:29Z] DRY-RUN: skipping sysop user seeding check
[2026-02-27T12:41:29Z] DRY-RUN: would start compose services
[2026-02-27T12:41:29Z] DRY-RUN: skip runtime checks.
[2026-02-27T12:41:29Z] Detected platform: os=macos distro=macos like=n/a arch=arm64 pkg=brew
[2026-02-27T12:41:29Z] DRY-RUN: skip disk-space check
[2026-02-27T12:41:29Z] DRY-RUN: skip Docker install checks
[2026-02-27T12:41:29Z] Detected platform: os=macos distro=macos like=n/a arch=arm64 pkg=brew
[2026-02-27T12:41:29Z] DRY-RUN: skip disk-space check
[2026-02-27T12:41:29Z] DRY-RUN: skip Docker install checks
[2026-02-27T12:41:29Z] DRY-RUN: would verify tcp port 2222 is free
[2026-02-27T12:41:29Z] DRY-RUN: would verify tcp port 8080 is free
[2026-02-27T12:41:29Z] DRY-RUN: would verify tcp port 6667 is free
[2026-02-27T12:41:29Z] DRY-RUN: would verify tcp port 8091 is free
[2026-02-27T12:41:29Z] DRY-RUN: create directory /Users/seanheiney/.local/share/wolfbbs
[2026-02-27T12:41:29Z] DRY-RUN: would write /Users/seanheiney/.local/share/wolfbbs/.env
[2026-02-27T12:41:29Z] DRY-RUN: skipping sysop user seeding check
[2026-02-27T12:41:29Z] DRY-RUN: would start compose services
[2026-02-27T12:41:29Z] DRY-RUN: skip runtime checks.
[2026-02-27T12:41:30Z] Detected platform: os=macos distro=macos like=n/a arch=arm64 pkg=brew
[2026-02-27T12:41:30Z] DRY-RUN: skip disk-space check
[2026-02-27T12:41:30Z] DRY-RUN: skip Docker install checks
[2026-02-27T12:41:30Z] DRY-RUN: would verify tcp port 2222 is free
[2026-02-27T12:41:30Z] DRY-RUN: would verify tcp port 8080 is free
[2026-02-27T12:41:30Z] DRY-RUN: would verify tcp port 6667 is free
[2026-02-27T12:41:30Z] DRY-RUN: would verify tcp port 8091 is free
[2026-02-27T12:41:30Z] DRY-RUN: create directory /Users/seanheiney/.local/share/wolfbbs
[2026-02-27T12:41:30Z] DRY-RUN: would write /Users/seanheiney/.local/share/wolfbbs/.env
[2026-02-27T12:41:30Z] DRY-RUN: skipping sysop user seeding check
[2026-02-27T12:41:30Z] DRY-RUN: would start compose services
[2026-02-27T12:41:30Z] DRY-RUN: skip runtime checks.
[2026-02-27T12:41:42Z] Detected platform: os=macos distro=macos like=n/a arch=arm64 pkg=brew
[2026-02-27T12:41:42Z] DRY-RUN: skip disk-space check
[2026-02-27T12:41:42Z] DRY-RUN: skip Docker install checks
[2026-02-27T12:41:42Z] DRY-RUN: would verify tcp port 2222 is free
[2026-02-27T12:41:42Z] DRY-RUN: would verify tcp port 8080 is free
[2026-02-27T12:41:42Z] DRY-RUN: would verify tcp port 6667 is free
[2026-02-27T12:41:42Z] DRY-RUN: would verify tcp port 8091 is free
[2026-02-27T12:41:42Z] DRY-RUN: create directory /Users/seanheiney/.local/share/wolfbbs
[2026-02-27T12:41:42Z] DRY-RUN: would write /Users/seanheiney/.local/share/wolfbbs/.env
[2026-02-27T12:41:42Z] DRY-RUN: skipping sysop user seeding check
[2026-02-27T12:41:42Z] DRY-RUN: would start compose services
[2026-02-27T12:41:42Z] DRY-RUN: skip runtime checks.
[2026-02-27T12:41:42Z] Detected platform: os=macos distro=macos like=n/a arch=arm64 pkg=brew
[2026-02-27T12:41:42Z] DRY-RUN: skip disk-space check
[2026-02-27T12:41:42Z] DRY-RUN: skip Docker install checks
[2026-02-27T12:41:42Z] Detected platform: os=macos distro=macos like=n/a arch=arm64 pkg=brew
[2026-02-27T12:41:42Z] DRY-RUN: skip disk-space check
[2026-02-27T12:41:42Z] DRY-RUN: skip Docker install checks
[2026-02-27T12:41:42Z] DRY-RUN: would verify tcp port 2222 is free
[2026-02-27T12:41:42Z] DRY-RUN: would verify tcp port 8080 is free
[2026-02-27T12:41:42Z] DRY-RUN: would verify tcp port 6667 is free
[2026-02-27T12:41:42Z] DRY-RUN: would verify tcp port 8091 is free
[2026-02-27T12:41:42Z] DRY-RUN: create directory /Users/seanheiney/.local/share/wolfbbs
[2026-02-27T12:41:42Z] DRY-RUN: would write /Users/seanheiney/.local/share/wolfbbs/.env
[2026-02-27T12:41:42Z] DRY-RUN: skipping sysop user seeding check
[2026-02-27T12:41:42Z] DRY-RUN: would start compose services
[2026-02-27T12:41:42Z] DRY-RUN: skip runtime checks.
[2026-02-27T12:41:42Z] Detected platform: os=macos distro=macos like=n/a arch=arm64 pkg=brew
[2026-02-27T12:41:42Z] DRY-RUN: skip disk-space check
[2026-02-27T12:41:42Z] DRY-RUN: skip Docker install checks
[2026-02-27T12:41:42Z] DRY-RUN: would verify tcp port 2222 is free
[2026-02-27T12:41:42Z] DRY-RUN: would verify tcp port 8080 is free
[2026-02-27T12:41:42Z] DRY-RUN: would verify tcp port 6667 is free
[2026-02-27T12:41:42Z] DRY-RUN: would verify tcp port 8091 is free
[2026-02-27T12:41:42Z] DRY-RUN: create directory /Users/seanheiney/.local/share/wolfbbs
[2026-02-27T12:41:42Z] DRY-RUN: would write /Users/seanheiney/.local/share/wolfbbs/.env
[2026-02-27T12:41:42Z] DRY-RUN: skipping sysop user seeding check
[2026-02-27T12:41:42Z] DRY-RUN: would start compose services
[2026-02-27T12:41:42Z] DRY-RUN: skip runtime checks.
[2026-02-27T12:47:52Z] Detected platform: os=macos distro=macos like=n/a arch=arm64 pkg=brew
[2026-02-27T12:47:53Z] DRY-RUN: skip disk-space check
[2026-02-27T12:47:53Z] DRY-RUN: skip Docker install checks
[2026-02-27T12:47:53Z] DRY-RUN: would verify tcp port 2222 is free
[2026-02-27T12:47:53Z] DRY-RUN: would verify tcp port 8080 is free
[2026-02-27T12:47:53Z] DRY-RUN: would verify tcp port 6667 is free
[2026-02-27T12:47:53Z] DRY-RUN: would verify tcp port 8091 is free
[2026-02-27T12:47:53Z] DRY-RUN: create directory /Users/seanheiney/.local/share/wolfbbs
[2026-02-27T12:47:53Z] DRY-RUN: would write /Users/seanheiney/.local/share/wolfbbs/.env
[2026-02-27T12:47:53Z] DRY-RUN: skipping sysop user seeding check
[2026-02-27T12:47:53Z] DRY-RUN: would start compose services
[2026-02-27T12:47:53Z] DRY-RUN: skip runtime checks.
[2026-02-27T12:50:07Z] Detected platform: os=macos distro=macos like=n/a arch=arm64 pkg=brew
[2026-02-27T12:50:09Z] DRY-RUN: skip disk-space check
[2026-02-27T12:50:09Z] DRY-RUN: skip Docker install checks
[2026-02-27T12:50:09Z] DRY-RUN: would verify tcp port 2222 is free
[2026-02-27T12:50:09Z] DRY-RUN: would verify tcp port 8080 is free
[2026-02-27T12:50:09Z] DRY-RUN: would verify tcp port 6667 is free
[2026-02-27T12:50:09Z] DRY-RUN: would verify tcp port 8091 is free
[2026-02-27T12:50:09Z] DRY-RUN: create directory /Users/seanheiney/.local/share/wolfbbs
[2026-02-27T12:50:09Z] DRY-RUN: would write /Users/seanheiney/.local/share/wolfbbs/.env
[2026-02-27T12:50:09Z] DRY-RUN: skipping sysop user seeding check
[2026-02-27T12:50:09Z] DRY-RUN: would start compose services
[2026-02-27T12:50:09Z] DRY-RUN: skip runtime checks.
[2026-02-27T12:50:09Z] Detected platform: os=macos distro=macos like=n/a arch=arm64 pkg=brew
[2026-02-27T12:50:09Z] DRY-RUN: skip disk-space check
[2026-02-27T12:50:09Z] DRY-RUN: skip Docker install checks
[2026-02-27T12:50:09Z] Detected platform: os=macos distro=macos like=n/a arch=arm64 pkg=brew
[2026-02-27T12:50:09Z] DRY-RUN: skip disk-space check
[2026-02-27T12:50:09Z] DRY-RUN: skip Docker install checks
[2026-02-27T12:50:09Z] DRY-RUN: would verify tcp port 2222 is free
[2026-02-27T12:50:09Z] DRY-RUN: would verify tcp port 8080 is free
[2026-02-27T12:50:09Z] DRY-RUN: would verify tcp port 6667 is free
[2026-02-27T12:50:09Z] DRY-RUN: would verify tcp port 8091 is free
[2026-02-27T12:50:09Z] DRY-RUN: create directory /Users/seanheiney/.local/share/wolfbbs
[2026-02-27T12:50:09Z] DRY-RUN: would write /Users/seanheiney/.local/share/wolfbbs/.env
[2026-02-27T12:50:09Z] DRY-RUN: skipping sysop user seeding check
[2026-02-27T12:50:09Z] DRY-RUN: would start compose services
[2026-02-27T12:50:09Z] DRY-RUN: skip runtime checks.
[2026-02-27T12:50:09Z] Detected platform: os=macos distro=macos like=n/a arch=arm64 pkg=brew
[2026-02-27T12:50:09Z] DRY-RUN: skip disk-space check
[2026-02-27T12:50:09Z] DRY-RUN: skip Docker install checks
[2026-02-27T12:50:09Z] DRY-RUN: would verify tcp port 2222 is free
[2026-02-27T12:50:09Z] DRY-RUN: would verify tcp port 8080 is free
[2026-02-27T12:50:09Z] DRY-RUN: would verify tcp port 6667 is free
[2026-02-27T12:50:09Z] DRY-RUN: would verify tcp port 8091 is free
[2026-02-27T12:50:09Z] DRY-RUN: create directory /Users/seanheiney/.local/share/wolfbbs
[2026-02-27T12:50:09Z] DRY-RUN: would write /Users/seanheiney/.local/share/wolfbbs/.env
[2026-02-27T12:50:09Z] DRY-RUN: skipping sysop user seeding check
[2026-02-27T12:50:09Z] DRY-RUN: would start compose services
[2026-02-27T12:50:09Z] DRY-RUN: skip runtime checks.
[2026-02-27T13:04:04Z] Detected platform: os=macos distro=macos like=n/a arch=arm64 pkg=brew
[2026-02-27T13:04:05Z] DRY-RUN: skip disk-space check
[2026-02-27T13:04:05Z] DRY-RUN: skip Docker install checks
[2026-02-27T13:04:05Z] DRY-RUN: would verify tcp port 2222 is free
[2026-02-27T13:04:05Z] DRY-RUN: would verify tcp port 8080 is free
[2026-02-27T13:04:05Z] DRY-RUN: would verify tcp port 6667 is free
[2026-02-27T13:04:05Z] DRY-RUN: would verify tcp port 8091 is free
[2026-02-27T13:04:05Z] DRY-RUN: create directory /Users/seanheiney/.local/share/wolfbbs
[2026-02-27T13:04:05Z] DRY-RUN: would write /Users/seanheiney/.local/share/wolfbbs/.env
[2026-02-27T13:04:05Z] DRY-RUN: skipping sysop user seeding check
[2026-02-27T13:04:05Z] DRY-RUN: would start compose services
[2026-02-27T13:04:05Z] DRY-RUN: skip runtime checks.
[2026-02-27T13:08:53Z] Detected platform: os=macos distro=macos like=n/a arch=arm64 pkg=brew
[2026-02-27T13:08:53Z] Detected platform: os=macos distro=macos like=n/a arch=arm64 pkg=brew
[2026-02-27T13:08:55Z] DRY-RUN: skip disk-space check
[2026-02-27T13:08:55Z] DRY-RUN: skip Docker install checks
[2026-02-27T13:08:55Z] DRY-RUN: would verify tcp port 2222 is free
[2026-02-27T13:08:55Z] DRY-RUN: would verify tcp port 8080 is free
[2026-02-27T13:08:55Z] DRY-RUN: would verify tcp port 6667 is free
[2026-02-27T13:08:55Z] DRY-RUN: would verify tcp port 8091 is free
[2026-02-27T13:08:55Z] DRY-RUN: create directory /Users/seanheiney/.local/share/wolfbbs
[2026-02-27T13:08:55Z] DRY-RUN: would write /Users/seanheiney/.local/share/wolfbbs/.env
[2026-02-27T13:08:55Z] DRY-RUN: skipping sysop user seeding check
[2026-02-27T13:08:55Z] DRY-RUN: would start compose services
[2026-02-27T13:08:55Z] DRY-RUN: skip runtime checks.
[2026-02-27T13:09:56Z] Detected platform: os=macos distro=macos like=n/a arch=arm64 pkg=brew
[2026-02-27T13:09:56Z] DRY-RUN: skip disk-space check
[2026-02-27T13:09:56Z] DRY-RUN: skip Docker install checks
[2026-02-27T13:09:56Z] DRY-RUN: would verify tcp port 2222 is free
[2026-02-27T13:09:56Z] DRY-RUN: would verify tcp port 8080 is free
[2026-02-27T13:09:56Z] DRY-RUN: would verify tcp port 6667 is free
[2026-02-27T13:09:56Z] DRY-RUN: would verify tcp port 8091 is free
[2026-02-27T13:09:56Z] DRY-RUN: create directory /Users/seanheiney/.local/share/wolfbbs
[2026-02-27T13:09:56Z] DRY-RUN: would write /Users/seanheiney/.local/share/wolfbbs/.env
[2026-02-27T13:09:56Z] DRY-RUN: skipping sysop user seeding check
[2026-02-27T13:09:56Z] DRY-RUN: would start compose services
[2026-02-27T13:09:56Z] DRY-RUN: skip runtime checks.
[2026-02-27T13:09:56Z] Detected platform: os=macos distro=macos like=n/a arch=arm64 pkg=brew
[2026-02-27T13:09:56Z] DRY-RUN: skip disk-space check
[2026-02-27T13:09:56Z] DRY-RUN: skip Docker install checks
[2026-02-27T13:09:56Z] Detected platform: os=macos distro=macos like=n/a arch=arm64 pkg=brew
[2026-02-27T13:09:56Z] DRY-RUN: skip disk-space check
[2026-02-27T13:09:56Z] DRY-RUN: skip Docker install checks
[2026-02-27T13:09:56Z] DRY-RUN: would verify tcp port 2222 is free
[2026-02-27T13:09:56Z] DRY-RUN: would verify tcp port 8080 is free
[2026-02-27T13:09:56Z] DRY-RUN: would verify tcp port 6667 is free
[2026-02-27T13:09:56Z] DRY-RUN: would verify tcp port 8091 is free
[2026-02-27T13:09:56Z] DRY-RUN: create directory /Users/seanheiney/.local/share/wolfbbs
[2026-02-27T13:09:56Z] DRY-RUN: would write /Users/seanheiney/.local/share/wolfbbs/.env
[2026-02-27T13:09:56Z] DRY-RUN: skipping sysop user seeding check
[2026-02-27T13:09:56Z] DRY-RUN: would start compose services
[2026-02-27T13:09:56Z] DRY-RUN: skip runtime checks.
[2026-02-27T13:09:56Z] Detected platform: os=macos distro=macos like=n/a arch=arm64 pkg=brew
[2026-02-27T13:09:56Z] DRY-RUN: skip disk-space check
[2026-02-27T13:09:56Z] DRY-RUN: skip Docker install checks
[2026-02-27T13:09:56Z] DRY-RUN: would verify tcp port 2222 is free
[2026-02-27T13:09:56Z] DRY-RUN: would verify tcp port 8080 is free
[2026-02-27T13:09:56Z] DRY-RUN: would verify tcp port 6667 is free
[2026-02-27T13:09:56Z] DRY-RUN: would verify tcp port 8091 is free
[2026-02-27T13:09:56Z] DRY-RUN: create directory /Users/seanheiney/.local/share/wolfbbs
[2026-02-27T13:09:56Z] DRY-RUN: would write /Users/seanheiney/.local/share/wolfbbs/.env
[2026-02-27T13:09:56Z] DRY-RUN: skipping sysop user seeding check
[2026-02-27T13:09:56Z] DRY-RUN: would start compose services
[2026-02-27T13:09:56Z] DRY-RUN: skip runtime checks.
[2026-02-27T13:13:52Z] Detected platform: os=macos distro=macos like=n/a arch=arm64 pkg=brew
[2026-02-27T13:13:53Z] DRY-RUN: skip disk-space check
[2026-02-27T13:13:53Z] DRY-RUN: skip Docker install checks
[2026-02-27T13:13:53Z] DRY-RUN: would verify tcp port 2222 is free
[2026-02-27T13:13:53Z] DRY-RUN: would verify tcp port 8080 is free
[2026-02-27T13:13:53Z] DRY-RUN: would verify tcp port 6667 is free
[2026-02-27T13:13:53Z] DRY-RUN: would verify tcp port 8091 is free
[2026-02-27T13:13:53Z] DRY-RUN: create directory /Users/seanheiney/.local/share/wolfbbs
[2026-02-27T13:13:53Z] DRY-RUN: would write /Users/seanheiney/.local/share/wolfbbs/.env
[2026-02-27T13:13:53Z] DRY-RUN: skipping sysop user seeding check
[2026-02-27T13:13:53Z] DRY-RUN: would start compose services
[2026-02-27T13:13:53Z] DRY-RUN: skip runtime checks.
[2026-02-27T13:13:53Z] Detected platform: os=macos distro=macos like=n/a arch=arm64 pkg=brew
[2026-02-27T13:13:53Z] DRY-RUN: skip disk-space check
[2026-02-27T13:13:53Z] DRY-RUN: skip Docker install checks
[2026-02-27T13:13:53Z] Detected platform: os=macos distro=macos like=n/a arch=arm64 pkg=brew
[2026-02-27T13:13:53Z] DRY-RUN: skip disk-space check
[2026-02-27T13:13:53Z] DRY-RUN: skip Docker install checks
[2026-02-27T13:13:53Z] DRY-RUN: would verify tcp port 2222 is free
[2026-02-27T13:13:53Z] DRY-RUN: would verify tcp port 8080 is free
[2026-02-27T13:13:53Z] DRY-RUN: would verify tcp port 6667 is free
[2026-02-27T13:13:53Z] DRY-RUN: would verify tcp port 8091 is free
[2026-02-27T13:13:53Z] DRY-RUN: create directory /Users/seanheiney/.local/share/wolfbbs
[2026-02-27T13:13:53Z] DRY-RUN: would write /Users/seanheiney/.local/share/wolfbbs/.env
[2026-02-27T13:13:53Z] DRY-RUN: skipping sysop user seeding check
[2026-02-27T13:13:53Z] DRY-RUN: would start compose services
[2026-02-27T13:13:53Z] DRY-RUN: skip runtime checks.
[2026-02-27T13:13:53Z] Detected platform: os=macos distro=macos like=n/a arch=arm64 pkg=brew
[2026-02-27T13:13:53Z] DRY-RUN: skip disk-space check
[2026-02-27T13:13:53Z] DRY-RUN: skip Docker install checks
[2026-02-27T13:13:53Z] DRY-RUN: would verify tcp port 2222 is free
[2026-02-27T13:13:53Z] DRY-RUN: would verify tcp port 8080 is free
[2026-02-27T13:13:53Z] DRY-RUN: would verify tcp port 6667 is free
[2026-02-27T13:13:53Z] DRY-RUN: would verify tcp port 8091 is free
[2026-02-27T13:13:53Z] DRY-RUN: create directory /Users/seanheiney/.local/share/wolfbbs
[2026-02-27T13:13:53Z] DRY-RUN: would write /Users/seanheiney/.local/share/wolfbbs/.env
[2026-02-27T13:13:53Z] DRY-RUN: skipping sysop user seeding check
[2026-02-27T13:13:53Z] DRY-RUN: would start compose services
[2026-02-27T13:13:53Z] DRY-RUN: skip runtime checks.
